path,classification,workspace_hash,git_hash,commit_blob_hash,historical_classification
.dockerignore,MATCH,6f17168982ba16d1f1e37dcf3f5dc855fd5fd30a047bb4dab53d3bd71d59021d,6f17168982ba16d1f1e37dcf3f5dc855fd5fd30a047bb4dab53d3bd71d59021d,6f17168982ba16d1f1e37dcf3f5dc855fd5fd30a047bb4dab53d3bd71d59021d,MATCH
.env.example,MATCH,a576fef61c6367ab8660097b4ecab60bc61e651bbdb038f2fe4fa0d7029b9002,a576fef61c6367ab8660097b4ecab60bc61e651bbdb038f2fe4fa0d7029b9002,a576fef61c6367ab8660097b4ecab60bc61e651bbdb038f2fe4fa0d7029b9002,MATCH
.gitignore,MATCH,c2f8ebc800b3379f548e890b96762cb85779814182b60cc28ffff8d81819faf8,c2f8ebc800b3379f548e890b96762cb85779814182b60cc28ffff8d81819faf8,c2f8ebc800b3379f548e890b96762cb85779814182b60cc28ffff8d81819faf8,MATCH
AGENTS.md,MISSING_IN_WORKSPACE,,0e655d69c6a08700468a48319bded509d4665c66bd4b791cd3863d671f0cd816,0e655d69c6a08700468a48319bded509d4665c66bd4b791cd3863d671f0cd816,MISSING_IN_WORKSPACE
AGENT_NODE_WORKFLOW_GUIDE.md,MATCH,4c5103719a839e2a54474c852ce9b69f6345333b7c71761bef6073c6856c0154,4c5103719a839e2a54474c852ce9b69f6345333b7c71761bef6073c6856c0154,4c5103719a839e2a54474c852ce9b69f6345333b7c71761bef6073c6856c0154,MATCH
ANALYSIS_PIPELINE_GUIDE.md,MATCH,dee6c012fd543f02f7294ce29d988841be173f316b339d7d8d596224df5e77f2,dee6c012fd543f02f7294ce29d988841be173f316b339d7d8d596224df5e77f2,dee6c012fd543f02f7294ce29d988841be173f316b339d7d8d596224df5e77f2,MATCH
ARCHITECTURE.md,MATCH,dc6a44e2f3e6ffb5f6793e6c2cbeeefc8a02b4ec88ac765dfe9e32ddcc245438,dc6a44e2f3e6ffb5f6793e6c2cbeeefc8a02b4ec88ac765dfe9e32ddcc245438,dc6a44e2f3e6ffb5f6793e6c2cbeeefc8a02b4ec88ac765dfe9e32ddcc245438,MATCH
CODE_REVIEW_ISSUES.md,WORKSPACE_ONLY_DIFFERENCE,9537974ea6a2fbb80251d0fb3aa7676063451cd36130cba244289362d9258b3e,1566e96b5720a18f3a4c024fae39aeb86db6864e22f1027922a7d4f448be461c,1566e96b5720a18f3a4c024fae39aeb86db6864e22f1027922a7d4f448be461c,WORKSPACE_ONLY_DIFFERENCE
CURRENT_SYSTEM_TEST_AND_CAPABILITY_REPORT.md,MATCH,0d093759e10ed9084d4b29d3cc280bf65f3d0dbf7e6ad8f0f67d020d9a95d5b2,0d093759e10ed9084d4b29d3cc280bf65f3d0dbf7e6ad8f0f67d020d9a95d5b2,0d093759e10ed9084d4b29d3cc280bf65f3d0dbf7e6ad8f0f67d020d9a95d5b2,MATCH
DETAIL_QUERY ASL Projection & Error Classification Fix Report.md,MATCH,5174802edb4a6981c446b768d4c6d5dbde3716163203b9aee2447a5535bc73c3,5174802edb4a6981c446b768d4c6d5dbde3716163203b9aee2447a5535bc73c3,5174802edb4a6981c446b768d4c6d5dbde3716163203b9aee2447a5535bc73c3,MATCH
Dockerfile,MATCH,7ed0363add0f80f0ecfdc2a488d7cdd8ec642a7499d3a7e85037a86c64405365,7ed0363add0f80f0ecfdc2a488d7cdd8ec642a7499d3a7e85037a86c64405365,7ed0363add0f80f0ecfdc2a488d7cdd8ec642a7499d3a7e85037a86c64405365,MATCH
ENTITY_SHADOW_COMPARISON_20260831.md,MATCH,4ca5dc2014910c769f2792dfed23a79fa22a84983f55d1eff2a211dc96470df2,4ca5dc2014910c769f2792dfed23a79fa22a84983f55d1eff2a211dc96470df2,4ca5dc2014910c769f2792dfed23a79fa22a84983f55d1eff2a211dc96470df2,MATCH
Follow-up Context Inheritance 与时间结果复用修复报告.md,MATCH,9a5d174cae38b129f0c6031429c059160cbe92c256370b35f51e49a2d1f5d3fc,9a5d174cae38b129f0c6031429c059160cbe92c256370b35f51e49a2d1f5d3fc,9a5d174cae38b129f0c6031429c059160cbe92c256370b35f51e49a2d1f5d3fc,MATCH
IMPLEMENTATION.md,MATCH,95f301f0296dab77ad1565e766f3b435ec483d60d9eb7b2e7a905dd003122994,95f301f0296dab77ad1565e766f3b435ec483d60d9eb7b2e7a905dd003122994,95f301f0296dab77ad1565e766f3b435ec483d60d9eb7b2e7a905dd003122994,MATCH
INTENT_REWRITE_ADVERSARIAL_TEST_REPORT.md,MATCH,bd20c0380f1c794110cb4d87d88b38b481f1d6cc688e161dadd65f512c31ca8e,bd20c0380f1c794110cb4d87d88b38b481f1d6cc688e161dadd65f512c31ca8e,bd20c0380f1c794110cb4d87d88b38b481f1d6cc688e161dadd65f512c31ca8e,MATCH
Long-range Conversational Data Agent V2设计报告.md,MATCH,53af5a3707d3f43c73d14e6facddaa90b94aa46b2345ca59d232cdbed34f6a52,53af5a3707d3f43c73d14e6facddaa90b94aa46b2345ca59d232cdbed34f6a52,53af5a3707d3f43c73d14e6facddaa90b94aa46b2345ca59d232cdbed34f6a52,MATCH
MILVUS_REDIS_MINIO_RETRIEVAL_DESIGN.md,MATCH,edd0c69e8fa04858a33870222852751180a62151a8d35268449d01657dc2399d,edd0c69e8fa04858a33870222852751180a62151a8d35268449d01657dc2399d,edd0c69e8fa04858a33870222852751180a62151a8d35268449d01657dc2399d,MATCH
MULTIDIMENSIONAL_EVALUATION_20260826.md,MATCH,b8f477aedc8e2d174917053b8f0194b215f1e1d7b44f860d9a3d98c3cd4fa3b2,b8f477aedc8e2d174917053b8f0194b215f1e1d7b44f860d9a3d98c3cd4fa3b2,b8f477aedc8e2d174917053b8f0194b215f1e1d7b44f860d9a3d98c3cd4fa3b2,MATCH
MULTITURN_CONVERSATION_EVALUATION_20260826.md,MATCH,c78f010ccda33e035ce8b2d0eb6ad611451507b5d09828c10215e46ee9a7931c,c78f010ccda33e035ce8b2d0eb6ad611451507b5d09828c10215e46ee9a7931c,c78f010ccda33e035ce8b2d0eb6ad611451507b5d09828c10215e46ee9a7931c,MATCH
New Topic - Follow-up Context Leakage 修复报告.md,MATCH,ca40b955525841b54cb9c2765e3b320e38a8b9b8d943cbe51daca28595af9c06,ca40b955525841b54cb9c2765e3b320e38a8b9b8d943cbe51daca28595af9c06,ca40b955525841b54cb9c2765e3b320e38a8b9b8d943cbe51daca28595af9c06,MATCH
PLATFORM_INTEGRATION_STATUS.md,MATCH,6848c7c4427de0cff5a328860115506a52b33a410513744cf20879a556c95d94,6848c7c4427de0cff5a328860115506a52b33a410513744cf20879a556c95d94,6848c7c4427de0cff5a328860115506a52b33a410513744cf20879a556c95d94,MATCH
PROJECT_EXPLAINED_SIMPLY.md,MATCH,cf5eaca0931f26f0e8edbf2b24c0bbf85a12ec0c44b6de0786b64969ed4de67e,cf5eaca0931f26f0e8edbf2b24c0bbf85a12ec0c44b6de0786b64969ed4de67e,cf5eaca0931f26f0e8edbf2b24c0bbf85a12ec0c44b6de0786b64969ed4de67e,MATCH
README.md,MATCH,019b7c1223a97e023d55d06292a5db71d12b447de27f30e4fbaa6e676f79f9d1,019b7c1223a97e023d55d06292a5db71d12b447de27f30e4fbaa6e676f79f9d1,019b7c1223a97e023d55d06292a5db71d12b447de27f30e4fbaa6e676f79f9d1,MATCH
REAL_WORLD_QUERY_EVALUATION_20260826.md,MATCH,206572a075b48fabb4e39090e023e01550d511b843122aa7a68a2ec80445d110,206572a075b48fabb4e39090e023e01550d511b843122aa7a68a2ec80445d110,206572a075b48fabb4e39090e023e01550d511b843122aa7a68a2ec80445d110,MATCH
SKILL_AND_TOOL_CATALOG.md,MATCH,76b10fc0501ef46fe3b06630b4c4fa0fb3267c079fa30472e6198960a59925c6,76b10fc0501ef46fe3b06630b4c4fa0fb3267c079fa30472e6198960a59925c6,76b10fc0501ef46fe3b06630b4c4fa0fb3267c079fa30472e6198960a59925c6,MATCH
SSE_STREAMING_EXAMPLES.md,MATCH,ad188cb7b9c6a3eda2df4bba8625226c317d8a7230451cbee577597c0c6c6d07,ad188cb7b9c6a3eda2df4bba8625226c317d8a7230451cbee577597c0c6c6d07,ad188cb7b9c6a3eda2df4bba8625226c317d8a7230451cbee577597c0c6c6d07,MATCH
TASK_BREAKDOWN.md,MATCH,89e9c4e6c68d6a32498dccddfd9d7c44d9c0f079286df48211af5645fc461123,89e9c4e6c68d6a32498dccddfd9d7c44d9c0f079286df48211af5645fc461123,89e9c4e6c68d6a32498dccddfd9d7c44d9c0f079286df48211af5645fc461123,MATCH
app/__init__.py,MATCH,0c9574158a1a14d6d5d45f99da66939eba93095f2c3aa8354ea4975075cf5cb4,0c9574158a1a14d6d5d45f99da66939eba93095f2c3aa8354ea4975075cf5cb4,0c9574158a1a14d6d5d45f99da66939eba93095f2c3aa8354ea4975075cf5cb4,MATCH
app/adapters/__init__.py,MATCH,438ba2cdc1af725cbcab82e70dde2e1b6858da005be21f945a15b930c0a8eb76,438ba2cdc1af725cbcab82e70dde2e1b6858da005be21f945a15b930c0a8eb76,438ba2cdc1af725cbcab82e70dde2e1b6858da005be21f945a15b930c0a8eb76,MATCH
app/adapters/base.py,MATCH,b16c74b175d1bd75eb927d049fff9c0289021c9255439511b85e4484d258209c,b16c74b175d1bd75eb927d049fff9c0289021c9255439511b85e4484d258209c,b16c74b175d1bd75eb927d049fff9c0289021c9255439511b85e4484d258209c,MATCH
app/adapters/contracts.py,MATCH,96e2afd7b30870316fbe92e11ffc829877699748c3b25c896ed870610cbfbbe7,96e2afd7b30870316fbe92e11ffc829877699748c3b25c896ed870610cbfbbe7,96e2afd7b30870316fbe92e11ffc829877699748c3b25c896ed870610cbfbbe7,MATCH
app/adapters/errors.py,MATCH,15afcbf91852b0225da102b4732c2f55335fa3f1e0bfd95fbe641fdd2d703e8f,15afcbf91852b0225da102b4732c2f55335fa3f1e0bfd95fbe641fdd2d703e8f,15afcbf91852b0225da102b4732c2f55335fa3f1e0bfd95fbe641fdd2d703e8f,MATCH
app/adapters/handshake.py,MATCH,5e7b4ccb09f059987c7ab7bc5ec27eaa44c564d15462853cfd59da251cc8bee8,5e7b4ccb09f059987c7ab7bc5ec27eaa44c564d15462853cfd59da251cc8bee8,5e7b4ccb09f059987c7ab7bc5ec27eaa44c564d15462853cfd59da251cc8bee8,MATCH
app/adapters/http.py,MATCH,f34944e41499ea96c0af63eca6ad5412c15fca5129d2a7d50923ccdbb9a4ca46,f34944e41499ea96c0af63eca6ad5412c15fca5129d2a7d50923ccdbb9a4ca46,f34944e41499ea96c0af63eca6ad5412c15fca5129d2a7d50923ccdbb9a4ca46,MATCH
app/adapters/mock.py,MATCH,e2d38159c8fe6580181d238677e9fb256a012a8522b044a4bd7e36504f09820e,e2d38159c8fe6580181d238677e9fb256a012a8522b044a4bd7e36504f09820e,e2d38159c8fe6580181d238677e9fb256a012a8522b044a4bd7e36504f09820e,MATCH
app/adapters/semantic_query.py,WORKSPACE_ONLY_DIFFERENCE,9ba7da8207ff565b1dae26baf8dee6d230bf90b6408a3da1baaf7afffcb44d3e,858ae0eca39b8723042c7faf816a30b1c0db2e52ba7ca925c8ccc4a336428af7,858ae0eca39b8723042c7faf816a30b1c0db2e52ba7ca925c8ccc4a336428af7,WORKSPACE_ONLY_DIFFERENCE
app/analysis/__init__.py,MATCH,56830f1ecda9f9a5f3f97285531aafda730acd7d889a5501d9a2b177ef7a7a82,56830f1ecda9f9a5f3f97285531aafda730acd7d889a5501d9a2b177ef7a7a82,56830f1ecda9f9a5f3f97285531aafda730acd7d889a5501d9a2b177ef7a7a82,MATCH
app/analysis/contracts.py,MATCH,b837ac946b6ea0af377ab5b4bb4f019fc290e848c280aa36434b6a1818ed6ce7,b837ac946b6ea0af377ab5b4bb4f019fc290e848c280aa36434b6a1818ed6ce7,b837ac946b6ea0af377ab5b4bb4f019fc290e848c280aa36434b6a1818ed6ce7,MATCH
app/analysis/engine.py,MATCH,68a918480fcf1f2613bf65cbffe3b69fc632b5feaca8c911a03c3863b8998933,68a918480fcf1f2613bf65cbffe3b69fc632b5feaca8c911a03c3863b8998933,68a918480fcf1f2613bf65cbffe3b69fc632b5feaca8c911a03c3863b8998933,MATCH
app/analysis/forecasting.py,MATCH,c45406b74c58d230ef191544e9185b8061a5e52bff61855c835cc4e5b748a528,c45406b74c58d230ef191544e9185b8061a5e52bff61855c835cc4e5b748a528,c45406b74c58d230ef191544e9185b8061a5e52bff61855c835cc4e5b748a528,MATCH
app/analysis/insight_discovery.py,MATCH,8321af145807ca44c3bd0dce72f6e0e7a3ebb4d491ecadcbf546316eb46c6d4e,8321af145807ca44c3bd0dce72f6e0e7a3ebb4d491ecadcbf546316eb46c6d4e,8321af145807ca44c3bd0dce72f6e0e7a3ebb4d491ecadcbf546316eb46c6d4e,MATCH
app/analysis/interpretation.py,MATCH,8338a2d8e3fd7ccb5b3e489ee221d4d707ed8be82c162321430e0d27c2c21615,8338a2d8e3fd7ccb5b3e489ee221d4d707ed8be82c162321430e0d27c2c21615,8338a2d8e3fd7ccb5b3e489ee221d4d707ed8be82c162321430e0d27c2c21615,MATCH
app/analysis/multidimensional_attribution.py,MATCH,c0334936678aff7b7f689443d76fdd1199621f3a938f497e3d7f122da51055f3,c0334936678aff7b7f689443d76fdd1199621f3a938f497e3d7f122da51055f3,c0334936678aff7b7f689443d76fdd1199621f3a938f497e3d7f122da51055f3,MATCH
app/analysis/operators.py,MATCH,88e7a4fbc348ffe0dd203f5819d4725038b44f3fd5c100abd6eb14c04a341682,88e7a4fbc348ffe0dd203f5819d4725038b44f3fd5c100abd6eb14c04a341682,88e7a4fbc348ffe0dd203f5819d4725038b44f3fd5c100abd6eb14c04a341682,MATCH
app/analysis/planning.py,MATCH,1a74c35f60afa113164dd7444fcc856aa01983dad7630a54c833f3803dcba7a5,1a74c35f60afa113164dd7444fcc856aa01983dad7630a54c833f3803dcba7a5,1a74c35f60afa113164dd7444fcc856aa01983dad7630a54c833f3803dcba7a5,MATCH
app/analysis/profiling.py,MATCH,439308aee0da47ab253a1034a27ab4acfd978a78b1582bb1069aa24381bf6780,439308aee0da47ab253a1034a27ab4acfd978a78b1582bb1069aa24381bf6780,439308aee0da47ab253a1034a27ab4acfd978a78b1582bb1069aa24381bf6780,MATCH
app/analysis/result_validator.py,MATCH,8d1d89a76d1b105d34f96ae2d667dd1bb34ef5211f5d71bf80111cbbf039acbc,8d1d89a76d1b105d34f96ae2d667dd1bb34ef5211f5d71bf80111cbbf039acbc,8d1d89a76d1b105d34f96ae2d667dd1bb34ef5211f5d71bf80111cbbf039acbc,MATCH
app/analysis/synthesis.py,WORKSPACE_ONLY_DIFFERENCE,7b9d8bfb41f6c76abe1ab327f2d9f54f42f3d891cebd898e5239e0ddc930dae7,a9a5ba336a0c4702739a4c18a1d3a08cf7b29da0bc2d25e62fdfdfff1779f31c,a9a5ba336a0c4702739a4c18a1d3a08cf7b29da0bc2d25e62fdfdfff1779f31c,WORKSPACE_ONLY_DIFFERENCE
app/analysis/visualization.py,MATCH,0675e8231c26278226eb778c99dc38f8288b5092083f621c6efd4493b78ecf48,0675e8231c26278226eb778c99dc38f8288b5092083f621c6efd4493b78ecf48,0675e8231c26278226eb778c99dc38f8288b5092083f621c6efd4493b78ecf48,MATCH
app/api.py,MATCH,8ccb5a754e2e826e333cfb6db420d7f61877cbcaa7fb7f4a19889c54716f03be,8ccb5a754e2e826e333cfb6db420d7f61877cbcaa7fb7f4a19889c54716f03be,8ccb5a754e2e826e333cfb6db420d7f61877cbcaa7fb7f4a19889c54716f03be,MATCH
app/config.py,MATCH,dc6b2e8c0a5600f99725587fb00ae0a94de70a9bf5bbd85474d173900d7a0fb2,dc6b2e8c0a5600f99725587fb00ae0a94de70a9bf5bbd85474d173900d7a0fb2,dc6b2e8c0a5600f99725587fb00ae0a94de70a9bf5bbd85474d173900d7a0fb2,MATCH
app/dependencies.py,MATCH,fe48a9e0bb30e98cb3eaf591904c210adc739bb8741878ad59a39cc3fc39052b,fe48a9e0bb30e98cb3eaf591904c210adc739bb8741878ad59a39cc3fc39052b,fe48a9e0bb30e98cb3eaf591904c210adc739bb8741878ad59a39cc3fc39052b,MATCH
app/domain/__init__.py,MATCH,add3926584b83e25f77e7e18efe8338435674dcde70417ad860a59d6770a64b4,add3926584b83e25f77e7e18efe8338435674dcde70417ad860a59d6770a64b4,add3926584b83e25f77e7e18efe8338435674dcde70417ad860a59d6770a64b4,MATCH
app/domain/models.py,WORKSPACE_ONLY_DIFFERENCE,f374a95f642185fb9fab07d93cc16f066b78334b22c8d849d1311008a2bb7186,a2887d285f7007c4e5546863f636ea594fed44e11bd1f46d9751077319b907e5,a2887d285f7007c4e5546863f636ea594fed44e11bd1f46d9751077319b907e5,WORKSPACE_ONLY_DIFFERENCE
app/graph/__init__.py,MATCH,53a907e82905bb01079d3102131d9c6c8b6df8ba9225b7ef97e5baf28aa64a72,53a907e82905bb01079d3102131d9c6c8b6df8ba9225b7ef97e5baf28aa64a72,53a907e82905bb01079d3102131d9c6c8b6df8ba9225b7ef97e5baf28aa64a72,MATCH
app/graph/state.py,MATCH,15b89166431e09ec23add31ba2b2d6fa522c25f1da2188639feef01c3c04de7b,15b89166431e09ec23add31ba2b2d6fa522c25f1da2188639feef01c3c04de7b,15b89166431e09ec23add31ba2b2d6fa522c25f1da2188639feef01c3c04de7b,MATCH
app/graph/workflow.py,MATCH,285c346e8f4e798a13c03fa5f8cd51fdaa7fdb81ee5b8f2021fe100234e3f8a4,285c346e8f4e798a13c03fa5f8cd51fdaa7fdb81ee5b8f2021fe100234e3f8a4,285c346e8f4e798a13c03fa5f8cd51fdaa7fdb81ee5b8f2021fe100234e3f8a4,MATCH
app/intent/__init__.py,MATCH,6d82d08dd02634a0b5bb43eb4601b28177583387fbace2b270be3ac33f04253a,6d82d08dd02634a0b5bb43eb4601b28177583387fbace2b270be3ac33f04253a,6d82d08dd02634a0b5bb43eb4601b28177583387fbace2b270be3ac33f04253a,MATCH
app/intent/classifier.py,MATCH,45f023fdd88a48c8270fbc0adfba1966e916e16a009755aa5e0793692aad8df1,45f023fdd88a48c8270fbc0adfba1966e916e16a009755aa5e0793692aad8df1,45f023fdd88a48c8270fbc0adfba1966e916e16a009755aa5e0793692aad8df1,MATCH
app/intent/structured.py,MATCH,a8797333f90da5b46c2de6222e5cbe74bd1ad3ee7de151a2a6ad04438c9d24bf,a8797333f90da5b46c2de6222e5cbe74bd1ad3ee7de151a2a6ad04438c9d24bf,a8797333f90da5b46c2de6222e5cbe74bd1ad3ee7de151a2a6ad04438c9d24bf,MATCH
app/main.py,MATCH,7d1b622f5e5bc3a3750881d4cf1bfe85ebc1c8800a71ecf65bc908a48956fd99,7d1b622f5e5bc3a3750881d4cf1bfe85ebc1c8800a71ecf65bc908a48956fd99,7d1b622f5e5bc3a3750881d4cf1bfe85ebc1c8800a71ecf65bc908a48956fd99,MATCH
app/observability/__init__.py,MATCH,60a9ad7f6b4ae1447b519ec68e6a2f54365a8d043c4a4b4261b13f0fcc7f7525,60a9ad7f6b4ae1447b519ec68e6a2f54365a8d043c4a4b4261b13f0fcc7f7525,60a9ad7f6b4ae1447b519ec68e6a2f54365a8d043c4a4b4261b13f0fcc7f7525,MATCH
app/observability/langfuse_client.py,MATCH,230e043a899b45bad5c3a8f7b3fdb7a21fc6fe55fb68a096ee91f2e8758defe7,230e043a899b45bad5c3a8f7b3fdb7a21fc6fe55fb68a096ee91f2e8758defe7,230e043a899b45bad5c3a8f7b3fdb7a21fc6fe55fb68a096ee91f2e8758defe7,MATCH
app/observability/tracing.py,MATCH,80d0bbf41eec3ef85c5b1922072d993b065e37683887d7c7253170e0b472f809,80d0bbf41eec3ef85c5b1922072d993b065e37683887d7c7253170e0b472f809,80d0bbf41eec3ef85c5b1922072d993b065e37683887d7c7253170e0b472f809,MATCH
app/planning/__init__.py,MATCH,dfbbc11a2d747de4d5161db2000f4d0afadbf757c49f09cbc605f829ed3a7507,dfbbc11a2d747de4d5161db2000f4d0afadbf757c49f09cbc605f829ed3a7507,dfbbc11a2d747de4d5161db2000f4d0afadbf757c49f09cbc605f829ed3a7507,MATCH
app/planning/task_dag.py,MATCH,210847a5f47ef956a59d792af93be7c381f104844bf6128d41ba95205eaa4307,210847a5f47ef956a59d792af93be7c381f104844bf6128d41ba95205eaa4307,210847a5f47ef956a59d792af93be7c381f104844bf6128d41ba95205eaa4307,MATCH
app/presentation/__init__.py,MATCH,2e57e20ce728ad6ba5e3381b54e79614cb6e3fb8e92592f77415f3ae3bf62321,2e57e20ce728ad6ba5e3381b54e79614cb6e3fb8e92592f77415f3ae3bf62321,2e57e20ce728ad6ba5e3381b54e79614cb6e3fb8e92592f77415f3ae3bf62321,MATCH
app/presentation/intent_recognition.py,MATCH,3f429a3527c300ffd7d1de118246fe821d68a38bd97ddc90890193f9e175b721,3f429a3527c300ffd7d1de118246fe821d68a38bd97ddc90890193f9e175b721,3f429a3527c300ffd7d1de118246fe821d68a38bd97ddc90890193f9e175b721,MATCH
app/runtime/__init__.py,MATCH,a28f89dea6035d936e4261d74782c546353e9f2cd896733529468d4a2618adc0,a28f89dea6035d936e4261d74782c546353e9f2cd896733529468d4a2618adc0,a28f89dea6035d936e4261d74782c546353e9f2cd896733529468d4a2618adc0,MATCH
app/runtime/analysis_runtime.py,MATCH,29b7519c5acc1e650c228f7cb543d3f870c8900c6ef9f9c9ff1b3f736d1adcac,29b7519c5acc1e650c228f7cb543d3f870c8900c6ef9f9c9ff1b3f736d1adcac,29b7519c5acc1e650c228f7cb543d3f870c8900c6ef9f9c9ff1b3f736d1adcac,MATCH
app/runtime/tool_runtime.py,MATCH,50275c53aac35b70a581ebc5f9cd3c2afb15a23a5c66388b3f220c5964ff2bfe,50275c53aac35b70a581ebc5f9cd3c2afb15a23a5c66388b3f220c5964ff2bfe,50275c53aac35b70a581ebc5f9cd3c2afb15a23a5c66388b3f220c5964ff2bfe,MATCH
app/semantic_v2/__init__.py,MATCH,7b0c3f8fbf23a6b0840cbf63fd070e069adc37323f818781918d534adaff9a93,7b0c3f8fbf23a6b0840cbf63fd070e069adc37323f818781918d534adaff9a93,7b0c3f8fbf23a6b0840cbf63fd070e069adc37323f818781918d534adaff9a93,MATCH
app/semantic_v2/clarification.py,MATCH,2adfda179c7cbb602c4ebee207590b61ab4d519ba1cd8ed5be3191f8fe267fbb,2adfda179c7cbb602c4ebee207590b61ab4d519ba1cd8ed5be3191f8fe267fbb,2adfda179c7cbb602c4ebee207590b61ab4d519ba1cd8ed5be3191f8fe267fbb,MATCH
app/semantic_v2/enums.py,MATCH,87c585cda400b97dd9f90b0fe507feee84c656da1bbb306e8b33793923da8159,87c585cda400b97dd9f90b0fe507feee84c656da1bbb306e8b33793923da8159,87c585cda400b97dd9f90b0fe507feee84c656da1bbb306e8b33793923da8159,MATCH
app/semantic_v2/legacy_adapter.py,MATCH,17d764cd137ed213123af079e5a8a76d496d2dfd0d6a6ab903877e468b854d2f,17d764cd137ed213123af079e5a8a76d496d2dfd0d6a6ab903877e468b854d2f,17d764cd137ed213123af079e5a8a76d496d2dfd0d6a6ab903877e468b854d2f,MATCH
app/semantic_v2/migration.py,MATCH,fabd91557b7eb230050b583aea4f0309a6c0090f197f0584dc59ba5333f917b6,fabd91557b7eb230050b583aea4f0309a6c0090f197f0584dc59ba5333f917b6,fabd91557b7eb230050b583aea4f0309a6c0090f197f0584dc59ba5333f917b6,
app/semantic_v2/models.py,MATCH,983bd8c5c39ffae765ab4f6dbe736dcf83b946cd1b2e2169023a85a2e983a7b1,983bd8c5c39ffae765ab4f6dbe736dcf83b946cd1b2e2169023a85a2e983a7b1,983bd8c5c39ffae765ab4f6dbe736dcf83b946cd1b2e2169023a85a2e983a7b1,MATCH
app/semantic_v2/pipeline.py,MATCH,a37732615f58c12f2730c516a4eb1968ac05f49d12780c9ed37c94cac7f85eea,a37732615f58c12f2730c516a4eb1968ac05f49d12780c9ed37c94cac7f85eea,a37732615f58c12f2730c516a4eb1968ac05f49d12780c9ed37c94cac7f85eea,
app/semantic_v2/registries.py,MATCH,272dffd9c352df83fc38de350912b1a2cc08ae110d2a102482dfd4c4060ff4a7,272dffd9c352df83fc38de350912b1a2cc08ae110d2a102482dfd4c4060ff4a7,272dffd9c352df83fc38de350912b1a2cc08ae110d2a102482dfd4c4060ff4a7,
app/semantic_v2/result_contract.py,MATCH,3adafe39a060161d10442c060e77b8269418afd4d233a445fcc84839c133a6e0,3adafe39a060161d10442c060e77b8269418afd4d233a445fcc84839c133a6e0,3adafe39a060161d10442c060e77b8269418afd4d233a445fcc84839c133a6e0,MATCH
app/semantic_v2/schema.py,MATCH,1ce4de8b3025821d891d2bf72a50493e7f6869cca1d6b9ddae584152a578faad,1ce4de8b3025821d891d2bf72a50493e7f6869cca1d6b9ddae584152a578faad,1ce4de8b3025821d891d2bf72a50493e7f6869cca1d6b9ddae584152a578faad,MATCH
app/semantic_v2/slot_reducer.py,MATCH,a4aa3570d24161a758c182039c6a6f63c6f845441d06aaba6fae796253ce2daf,a4aa3570d24161a758c182039c6a6f63c6f845441d06aaba6fae796253ce2daf,a4aa3570d24161a758c182039c6a6f63c6f845441d06aaba6fae796253ce2daf,MATCH
app/semantic_v2/state_machine.py,MATCH,6fa7412eed16252188b48fca774856438d3c52aeb2f96e4dfadcf043527feab6,6fa7412eed16252188b48fca774856438d3c52aeb2f96e4dfadcf043527feab6,6fa7412eed16252188b48fca774856438d3c52aeb2f96e4dfadcf043527feab6,MATCH
app/semantic_v2/trace_models.py,MATCH,08063802c7a0203308f6b2eb0d5b0f37651d2caf8a8bd19b94506afdd5c5c0c5,08063802c7a0203308f6b2eb0d5b0f37651d2caf8a8bd19b94506afdd5c5c0c5,08063802c7a0203308f6b2eb0d5b0f37651d2caf8a8bd19b94506afdd5c5c0c5,MATCH
app/semantic_v2/validators.py,MATCH,78d1e727ed74521c9c3545635489ce0903d1e74c9f74cd2b8106735d34bedb15,78d1e727ed74521c9c3545635489ce0903d1e74c9f74cd2b8106735d34bedb15,78d1e727ed74521c9c3545635489ce0903d1e74c9f74cd2b8106735d34bedb15,MATCH
app/services/__init__.py,MATCH,d312ed63db3ba53a785aafd1553c31e2de38154f4801593387d35feccccb22e0,d312ed63db3ba53a785aafd1553c31e2de38154f4801593387d35feccccb22e0,d312ed63db3ba53a785aafd1553c31e2de38154f4801593387d35feccccb22e0,MATCH
app/services/business_question_collector.py,MATCH,64b34d7f81ad05194ce5ab167b2387cc422320f5099b0635c1b11bb31b2d886a,64b34d7f81ad05194ce5ab167b2387cc422320f5099b0635c1b11bb31b2d886a,64b34d7f81ad05194ce5ab167b2387cc422320f5099b0635c1b11bb31b2d886a,MATCH
app/services/chat_responder.py,MATCH,995e0f855ebedeb4d96b7f8ef0bb6ba3f8220be7b773f4adabefd4fba69a2e07,995e0f855ebedeb4d96b7f8ef0bb6ba3f8220be7b773f4adabefd4fba69a2e07,995e0f855ebedeb4d96b7f8ef0bb6ba3f8220be7b773f4adabefd4fba69a2e07,MATCH
app/services/context_builder.py,MATCH,c90d2ef28558abc50c7971d57c69dab721b7d9f7778f4936ee805adcfb4d1d22,c90d2ef28558abc50c7971d57c69dab721b7d9f7778f4936ee805adcfb4d1d22,c90d2ef28558abc50c7971d57c69dab721b7d9f7778f4936ee805adcfb4d1d22,MATCH
app/services/context_compaction.py,MATCH,5062131594d98ef690e6e39c797f381fb909c37184bdf9b6f3ac3dfaba2a0a94,5062131594d98ef690e6e39c797f381fb909c37184bdf9b6f3ac3dfaba2a0a94,5062131594d98ef690e6e39c797f381fb909c37184bdf9b6f3ac3dfaba2a0a94,MATCH
app/services/conversation_followup.py,MATCH,b4957003d2ae6d58cd54b62eb8d9a208fa51ae658434062b21dfb6ad21f93a85,b4957003d2ae6d58cd54b62eb8d9a208fa51ae658434062b21dfb6ad21f93a85,b4957003d2ae6d58cd54b62eb8d9a208fa51ae658434062b21dfb6ad21f93a85,MATCH
app/services/dataset_followup.py,MATCH,93179d1668d70fc67a2231a52bcf25f549bf359220df35fef710ccb0839b04dd,93179d1668d70fc67a2231a52bcf25f549bf359220df35fef710ccb0839b04dd,93179d1668d70fc67a2231a52bcf25f549bf359220df35fef710ccb0839b04dd,MATCH
app/services/entity_extraction.py,MATCH,d43cf5ef983178087559f9a29482d80afd6e52ea8aab1b34376d3e960ab3a780,d43cf5ef983178087559f9a29482d80afd6e52ea8aab1b34376d3e960ab3a780,d43cf5ef983178087559f9a29482d80afd6e52ea8aab1b34376d3e960ab3a780,MATCH
app/services/extension_dispatcher.py,MATCH,56fcba1d687dc14146dd384d5de5867ec3dfd53073b05275f13859de0a3039a6,56fcba1d687dc14146dd384d5de5867ec3dfd53073b05275f13859de0a3039a6,56fcba1d687dc14146dd384d5de5867ec3dfd53073b05275f13859de0a3039a6,MATCH
app/services/file_ingestion.py,MATCH,1aef72baf79e26614147c34ee6e12dbf7689750d9f85564721c56d1b8df0b60f,1aef72baf79e26614147c34ee6e12dbf7689750d9f85564721c56d1b8df0b60f,1aef72baf79e26614147c34ee6e12dbf7689750d9f85564721c56d1b8df0b60f,MATCH
app/services/history_compaction.py,MATCH,92fb18dacda85135852176802e66515a7e76e850c38ffc84735bb1bff6aee5ee,92fb18dacda85135852176802e66515a7e76e850c38ffc84735bb1bff6aee5ee,92fb18dacda85135852176802e66515a7e76e850c38ffc84735bb1bff6aee5ee,MATCH
app/services/intent_asl_contract.py,MATCH,6bbf85d9cbb5f33fd15bd0c8225a22bc1628c65011e6893e40d8cc1e142edcb0,6bbf85d9cbb5f33fd15bd0c8225a22bc1628c65011e6893e40d8cc1e142edcb0,6bbf85d9cbb5f33fd15bd0c8225a22bc1628c65011e6893e40d8cc1e142edcb0,MATCH
app/services/knowledge_retrieval.py,MATCH,8cad8a28d865809ac37bed3c5df7ab46e45e625c234fa31d419524027bdb4d43,8cad8a28d865809ac37bed3c5df7ab46e45e625c234fa31d419524027bdb4d43,8cad8a28d865809ac37bed3c5df7ab46e45e625c234fa31d419524027bdb4d43,MATCH
app/services/memory_manager.py,MATCH,ab0dc04c428451fda7fdeb10dd5bff4ba37f0320bf3e5f5120111664a580aebf,ab0dc04c428451fda7fdeb10dd5bff4ba37f0320bf3e5f5120111664a580aebf,ab0dc04c428451fda7fdeb10dd5bff4ba37f0320bf3e5f5120111664a580aebf,MATCH
app/services/orchestrator.py,MATCH,f69795b266c2593d489c09632cdc61584331172eca585d16d085271c2a59027a,f69795b266c2593d489c09632cdc61584331172eca585d16d085271c2a59027a,f69795b266c2593d489c09632cdc61584331172eca585d16d085271c2a59027a,MATCH
app/services/progress.py,MATCH,4b4c7bba23b350b5b3dd89b2099351fc455474f0d391061d8663e65c41ec56f6,4b4c7bba23b350b5b3dd89b2099351fc455474f0d391061d8663e65c41ec56f6,4b4c7bba23b350b5b3dd89b2099351fc455474f0d391061d8663e65c41ec56f6,MATCH
app/services/question_rewriter.py,MATCH,c6f612454784223e5c648a80c78eafca842684124aee86766ac2d222a5c8544e,c6f612454784223e5c648a80c78eafca842684124aee86766ac2d222a5c8544e,c6f612454784223e5c648a80c78eafca842684124aee86766ac2d222a5c8544e,MATCH
app/services/relationship_projection.py,MATCH,919862e8af6a33f6a6bb179b096f289f239a68d5385afe0021d99e7787c40dd8,919862e8af6a33f6a6bb179b096f289f239a68d5385afe0021d99e7787c40dd8,919862e8af6a33f6a6bb179b096f289f239a68d5385afe0021d99e7787c40dd8,MATCH
app/services/report_export.py,MATCH,1912c765c09656ed305cef8d02d934ea41008cb84449b2f1944e36f8760e6df1,1912c765c09656ed305cef8d02d934ea41008cb84449b2f1944e36f8760e6df1,1912c765c09656ed305cef8d02d934ea41008cb84449b2f1944e36f8760e6df1,MATCH
app/services/semantic_context.py,MATCH,6edb395a8d6350328671d40778ee9cff395a84537e86fb7886656beb4fad79f9,6edb395a8d6350328671d40778ee9cff395a84537e86fb7886656beb4fad79f9,6edb395a8d6350328671d40778ee9cff395a84537e86fb7886656beb4fad79f9,MATCH
app/services/tool_selector.py,MATCH,245f50449a6723410530b1237198ee8a6c229a1a63d81557df55df4f8662cd1e,245f50449a6723410530b1237198ee8a6c229a1a63d81557df55df4f8662cd1e,245f50449a6723410530b1237198ee8a6c229a1a63d81557df55df4f8662cd1e,MATCH
app/services/turn_admission.py,MATCH,dfc3157033c0d13f556b0286311f55b05131fa6bfe9a21188a5571847e8a9f36,dfc3157033c0d13f556b0286311f55b05131fa6bfe9a21188a5571847e8a9f36,dfc3157033c0d13f556b0286311f55b05131fa6bfe9a21188a5571847e8a9f36,MATCH
app/services/validated_query_recall.py,MATCH,b63f49fc3d7ff002411b8e5ee066889d60747d0d6ea1b8985a8c17497414b71b,b63f49fc3d7ff002411b8e5ee066889d60747d0d6ea1b8985a8c17497414b71b,b63f49fc3d7ff002411b8e5ee066889d60747d0d6ea1b8985a8c17497414b71b,MATCH
app/services/working_memory.py,MATCH,77d9942551f3616abce7021b543d7fc99c5fb58df22297ad92edfa7ec7152643,77d9942551f3616abce7021b543d7fc99c5fb58df22297ad92edfa7ec7152643,77d9942551f3616abce7021b543d7fc99c5fb58df22297ad92edfa7ec7152643,MATCH
app/skills/__init__.py,MATCH,e595946e1f1d5c7fab5d4a6d17713571a125a9854658c7f12580724fdc6ce2c8,e595946e1f1d5c7fab5d4a6d17713571a125a9854658c7f12580724fdc6ce2c8,e595946e1f1d5c7fab5d4a6d17713571a125a9854658c7f12580724fdc6ce2c8,MATCH
app/skills/dynamic.py,MATCH,ed0c1b547561b3a2fd7f34260ccf11d0d5e880a1dfb141da1b01317425a9a093,ed0c1b547561b3a2fd7f34260ccf11d0d5e880a1dfb141da1b01317425a9a093,ed0c1b547561b3a2fd7f34260ccf11d0d5e880a1dfb141da1b01317425a9a093,MATCH
app/skills/registry.py,MATCH,e34b2c7c8d2a63b47b73c9a75e779e98c7eb707cbdcba0d37daedbefe50554a5,e34b2c7c8d2a63b47b73c9a75e779e98c7eb707cbdcba0d37daedbefe50554a5,e34b2c7c8d2a63b47b73c9a75e779e98c7eb707cbdcba0d37daedbefe50554a5,MATCH
app/stores/__init__.py,MATCH,54bf3ffc7cb74ff012753fb2a4380f5f94e22e97360dde0ad970241e861fa69a,54bf3ffc7cb74ff012753fb2a4380f5f94e22e97360dde0ad970241e861fa69a,54bf3ffc7cb74ff012753fb2a4380f5f94e22e97360dde0ad970241e861fa69a,MATCH
app/stores/events.py,MATCH,150b2405aa315af1b6acb4e5ec12fa68908f31769070b7dd2da53820f48d83a7,150b2405aa315af1b6acb4e5ec12fa68908f31769070b7dd2da53820f48d83a7,150b2405aa315af1b6acb4e5ec12fa68908f31769070b7dd2da53820f48d83a7,MATCH
app/stores/long_memory.py,MATCH,133c6bb9ee311f51fbc90560d37d2d0e39c107689007a25227d5bc1082b50600,133c6bb9ee311f51fbc90560d37d2d0e39c107689007a25227d5bc1082b50600,133c6bb9ee311f51fbc90560d37d2d0e39c107689007a25227d5bc1082b50600,MATCH
app/stores/redis.py,MATCH,af3e749bfce903794d60378c8edb9b8063295a77af87cc603fe9b27e8ca8f0e3,af3e749bfce903794d60378c8edb9b8063295a77af87cc603fe9b27e8ca8f0e3,af3e749bfce903794d60378c8edb9b8063295a77af87cc603fe9b27e8ca8f0e3,MATCH
app/stores/session.py,WORKSPACE_ONLY_DIFFERENCE,58c21533db69b115b67d876cf5b2bc01b7cf76526b4fcf1081f52e5e265aa2e0,04c1cf4de2b48c6314b5d09acce40fb7131511284daa4745a4ec95e6d44d01ef,04c1cf4de2b48c6314b5d09acce40fb7131511284daa4745a4ec95e6d44d01ef,WORKSPACE_ONLY_DIFFERENCE
app/tools/__init__.py,MATCH,313dd8b1f6a76272896d320dd8268ac8aed8970ecff78ede6acd851692c0d529,313dd8b1f6a76272896d320dd8268ac8aed8970ecff78ede6acd851692c0d529,313dd8b1f6a76272896d320dd8268ac8aed8970ecff78ede6acd851692c0d529,MATCH
app/tools/database_load.py,MATCH,1e325ce7ac56688687cd10184899e2489fb48a746d23bb62f9a0312ec0d128bd,1e325ce7ac56688687cd10184899e2489fb48a746d23bb62f9a0312ec0d128bd,1e325ce7ac56688687cd10184899e2489fb48a746d23bb62f9a0312ec0d128bd,MATCH
app/tools/knowledge_base.py,MATCH,053ae34be6a6dc98694b8b26392d2e2a59396621aa380dd9512a11233a18c6c8,053ae34be6a6dc98694b8b26392d2e2a59396621aa380dd9512a11233a18c6c8,053ae34be6a6dc98694b8b26392d2e2a59396621aa380dd9512a11233a18c6c8,MATCH
docs/data_agent_call_graph.mmd,MATCH,3c384eec4306765180c6656072ae5a6b998c148b6236d0d97f2b84281223a6d3,3c384eec4306765180c6656072ae5a6b998c148b6236d0d97f2b84281223a6d3,3c384eec4306765180c6656072ae5a6b998c148b6236d0d97f2b84281223a6d3,MATCH
docs/data_agent_failure_cases.jsonl,MATCH,6b3d00adfd8442db88128fd9e4b942f477d996e42b186aba41a56a45cdf530fa,6b3d00adfd8442db88128fd9e4b942f477d996e42b186aba41a56a45cdf530fa,6b3d00adfd8442db88128fd9e4b942f477d996e42b186aba41a56a45cdf530fa,MATCH
docs/data_agent_memory_multiturn_diagnostic_report.md,MATCH,251d56930f751e9aeddc925d5a4a035e480d34e8dc4fd7bc4cee401e5896ffa2,251d56930f751e9aeddc925d5a4a035e480d34e8dc4fd7bc4cee401e5896ffa2,251d56930f751e9aeddc925d5a4a035e480d34e8dc4fd7bc4cee401e5896ffa2,MATCH
docs/data_agent_model_calls.json,MATCH,ca31fe6fbd8c76a3595c5add30b5b81b9021be64de5a8e1a62e841a5b2c7a9b6,ca31fe6fbd8c76a3595c5add30b5b81b9021be64de5a8e1a62e841a5b2c7a9b6,ca31fe6fbd8c76a3595c5add30b5b81b9021be64de5a8e1a62e841a5b2c7a9b6,MATCH
docs/data_agent_open_questions.md,MATCH,071fbd7f3384ad8c3d1dae3b881afd0d2ade1760d065c7083a695ffe75afec54,071fbd7f3384ad8c3d1dae3b881afd0d2ade1760d065c7083a695ffe75afec54,071fbd7f3384ad8c3d1dae3b881afd0d2ade1760d065c7083a695ffe75afec54,MATCH
docs/data_agent_state_schemas.json,MATCH,011f69dd71a7538ab27fc4399e5f71e6422a4f98fae103cf47a900b5e9c2ec51,011f69dd71a7538ab27fc4399e5f71e6422a4f98fae103cf47a900b5e9c2ec51,011f69dd71a7538ab27fc4399e5f71e6422a4f98fae103cf47a900b5e9c2ec51,MATCH
docs/dimension_filter_contract.md,MATCH,d41aaf3f1c6fbe98cf68380a68a0d3529a7598e850b294b825c20a53f82e4a45,d41aaf3f1c6fbe98cf68380a68a0d3529a7598e850b294b825c20a53f82e4a45,d41aaf3f1c6fbe98cf68380a68a0d3529a7598e850b294b825c20a53f82e4a45,MATCH
docs/phase2/architecture_evidence_map.json,MATCH,0dda3a7b1d12e5f57bf837562e63de13a02e6f2adb83c9b976698847c95a18be,0dda3a7b1d12e5f57bf837562e63de13a02e6f2adb83c9b976698847c95a18be,bd94abbe5639ab4e719eb45ace4aaa88e0a6e2dd3ab599d025e6c79ef67daaf8,MATCH
docs/phase2/asl_nl2sql_contract_audit.md,MATCH,2bec438caeb2c13eaabc1dbeb8de4657905c77112ba5b090038f7cf8edb9b33a,2bec438caeb2c13eaabc1dbeb8de4657905c77112ba5b090038f7cf8edb9b33a,2bec438caeb2c13eaabc1dbeb8de4657905c77112ba5b090038f7cf8edb9b33a,MATCH
docs/phase2/asl_nl2sql_contracts.json,MATCH,5c125075e6bc9382403cf3eadfde1fac73e468dcddc4411aa9317c964a3d579d,5c125075e6bc9382403cf3eadfde1fac73e468dcddc4411aa9317c964a3d579d,500978b97e73d57df9cf071eb3b3819ce3639d6581a610982a9a34f0bdd964bc,MATCH
docs/phase2/asl_nl2sql_gap_matrix.csv,MATCH,6600d2c2eea434c78a2405c0ee70f8656674cbff9c5c5eb8c23990639bcb677b,6600d2c2eea434c78a2405c0ee70f8656674cbff9c5c5eb8c23990639bcb677b,24e3ee316d5b1c592e880eaf8a6b59c2fd15b597f15ad5d5d45d6e0e686c6933,MATCH
docs/phase2/capability_implementation_matrix.md,MATCH,d7a5a2214c13fb354d920982fb541bbf6ddd5ee440ab7a3d5a738b0c4d0785d5,d7a5a2214c13fb354d920982fb541bbf6ddd5ee440ab7a3d5a738b0c4d0785d5,d7a5a2214c13fb354d920982fb541bbf6ddd5ee440ab7a3d5a738b0c4d0785d5,MATCH
docs/phase2/catalog_quality_summary.csv,MATCH,14ae6c1d26bb24984d14f54950c53224d5da25c1591262f7224f06b072a30ad7,14ae6c1d26bb24984d14f54950c53224d5da25c1591262f7224f06b072a30ad7,395c6cb69a9517df41df534b8d7335305fbb815e7f25604d4f11eb98acc4b8b7,MATCH
docs/phase2/cross_repository_change_matrix.csv,MATCH,b569015c2449f1eeb1625f302403d75187b909fa2e7d8a3207b74e39455a2465,b569015c2449f1eeb1625f302403d75187b909fa2e7d8a3207b74e39455a2465,ca8a5efaf4b9b3ca156d1b1dbe81786996ffd046ded71199e891430a810358ea,MATCH
docs/phase2/current_to_target_schema_mapping.md,MATCH,436fe57b223097e346597905ff398a7fd2181324dd06622c88993975969126b6,436fe57b223097e346597905ff398a7fd2181324dd06622c88993975969126b6,436fe57b223097e346597905ff398a7fd2181324dd06622c88993975969126b6,MATCH
docs/phase2/data_agent_phase2_semantic_execution_audit.md,MATCH,4c7aceda096c35ac6e414b4fff7c34f010f8f265f1c9f3ea9007650b84dd1228,4c7aceda096c35ac6e414b4fff7c34f010f8f265f1c9f3ea9007650b84dd1228,4c7aceda096c35ac6e414b4fff7c34f010f8f265f1c9f3ea9007650b84dd1228,MATCH
docs/phase2/entity_relationship_inventory.json,MATCH,5f783aafd74f8ef2d592d0e4a93c4a30010607da7f526aa3b1772be09c185c15,5f783aafd74f8ef2d592d0e4a93c4a30010607da7f526aa3b1772be09c185c15,7fafb47f2fba2e2342c5050f999346f0e42669068c0284383f9afa03f547c6d0,MATCH
docs/phase2/evaluation_framework_gap.md,MATCH,27401728008efadd06563d8281c92cce389a9441a9e98334feaf79373b73ad51,27401728008efadd06563d8281c92cce389a9441a9e98334feaf79373b73ad51,27401728008efadd06563d8281c92cce389a9441a9e98334feaf79373b73ad51,MATCH
docs/phase2/evaluation_metric_spec.json,MATCH,da8dc2ed9aa014cae46480e97477f0dbd91372b2d45624dd9395af529caec4d0,da8dc2ed9aa014cae46480e97477f0dbd91372b2d45624dd9395af529caec4d0,a67764221d20e9f3d0314aa4b0e7d484164bfc849aa1a4f0cb342e40819e3a4e,MATCH
docs/phase2/external_service_inventory.json,MATCH,ff6795ac706e4b674255e0fc1d942dc7ce090801b8264805212dd34e038caeb4,ff6795ac706e4b674255e0fc1d942dc7ce090801b8264805212dd34e038caeb4,f4dbb00e3d011adbdfcb4b5aceefbbe4a009010bb313647edd719a2d69e9520b,MATCH
docs/phase2/failure_root_cause_summary.md,MATCH,621faaa0cae8159fc99f9cfbbb429b7350a99933dc30ea50ab8c8925fce4a161,621faaa0cae8159fc99f9cfbbb429b7350a99933dc30ea50ab8c8925fce4a161,621faaa0cae8159fc99f9cfbbb429b7350a99933dc30ea50ab8c8925fce4a161,MATCH
docs/phase2/failure_stage_distribution.csv,MATCH,084f3c20dc3e407d19521328ebca0e74296d8f6df865eadf2728778440e6f379,084f3c20dc3e407d19521328ebca0e74296d8f6df865eadf2728778440e6f379,c8de6e9cfaedf8126ee09e6e27a05fe1a640f162c906479928839b20f99776e7,MATCH
docs/phase2/failure_trace_replay.jsonl,MATCH,6ab25fada3b1d55dd724cadfe51e8c019aff06eade0a7959a2a24b2e811509ae,6ab25fada3b1d55dd724cadfe51e8c019aff06eade0a7959a2a24b2e811509ae,6ab25fada3b1d55dd724cadfe51e8c019aff06eade0a7959a2a24b2e811509ae,MATCH
docs/phase2/gold_cases_seed.jsonl,MATCH,1154ad211c0875f24e8a5bcd28911bb7ff283c0db02bcfece80ee7f3fd0658da,1154ad211c0875f24e8a5bcd28911bb7ff283c0db02bcfece80ee7f3fd0658da,1154ad211c0875f24e8a5bcd28911bb7ff283c0db02bcfece80ee7f3fd0658da,MATCH
docs/phase2/integration_and_migration_map.md,MATCH,4b44a9a6775250ea7af190c41b76c9eb776a54ec5c76dcca96fca309499ae179,4b44a9a6775250ea7af190c41b76c9eb776a54ec5c76dcca96fca309499ae179,4b44a9a6775250ea7af190c41b76c9eb776a54ec5c76dcca96fca309499ae179,MATCH
docs/phase2/intent_confusion_analysis.md,MATCH,003040369619c1896caf7da9f094bc8cc50f2e7818616b952c3e3a52dceb0fb1,003040369619c1896caf7da9f094bc8cc50f2e7818616b952c3e3a52dceb0fb1,003040369619c1896caf7da9f094bc8cc50f2e7818616b952c3e3a52dceb0fb1,MATCH
docs/phase2/intent_confusion_matrix.csv,MATCH,fc274138ab27671582158a75bfe71826c0be8968ca7e2e25ed2d0e43b1c09eee,fc274138ab27671582158a75bfe71826c0be8968ca7e2e25ed2d0e43b1c09eee,e547726b3c014b75269c26278485f923065e7509710cc938326df7d531bcb0e7,MATCH
docs/phase2/metric_algebra_feasibility.md,MATCH,fe2c89dd4230b3d4d3c61869e02d4b9077c5e525e324eaea0c31f055d298d681,fe2c89dd4230b3d4d3c61869e02d4b9077c5e525e324eaea0c31f055d298d681,fe2c89dd4230b3d4d3c61869e02d4b9077c5e525e324eaea0c31f055d298d681,MATCH
docs/phase2/metric_dimension_compatibility.json,MATCH,6b71e20bc73ce44397a2a642cdcd73edb22cfdf4dc63183b43991c191e0f96e6,6b71e20bc73ce44397a2a642cdcd73edb22cfdf4dc63183b43991c191e0f96e6,65c93b0ede89dec97776f6fa8fef74743597397c1bd051e2de61df448c932c91,MATCH
docs/phase2/semantic_candidate_examples.jsonl,MATCH,9af8fcb7b34cefbafd53d9cea8ded9c6626bafa1cb29814a79db598f8b151f21,9af8fcb7b34cefbafd53d9cea8ded9c6626bafa1cb29814a79db598f8b151f21,9af8fcb7b34cefbafd53d9cea8ded9c6626bafa1cb29814a79db598f8b151f21,MATCH
docs/phase2/semantic_catalog_audit.md,MATCH,ceae45b174428a4be9d9ce259697635ade573ac9831dd0bd5a336879fd599e00,ceae45b174428a4be9d9ce259697635ade573ac9831dd0bd5a336879fd599e00,ceae45b174428a4be9d9ce259697635ade573ac9831dd0bd5a336879fd599e00,MATCH
docs/phase2/semantic_catalog_inventory.json,MATCH,774aa3ef36ee8730c39fca1c5d094303b220840223b47df9d1d72b11bb731f2d,774aa3ef36ee8730c39fca1c5d094303b220840223b47df9d1d72b11bb731f2d,7b4294d2d00aeecef3130dfe99ee54136538735113a6a326dc520ec5423c9fd5,MATCH
docs/phase2/semantic_resolution_pipeline.md,MATCH,6c01b503c55da1adcc06e3d6bd3dc9d58d34a5bf7a2b536312a8631496459f27,6c01b503c55da1adcc06e3d6bd3dc9d58d34a5bf7a2b536312a8631496459f27,6c01b503c55da1adcc06e3d6bd3dc9d58d34a5bf7a2b536312a8631496459f27,MATCH
docs/phase2/semantic_role_confusion_matrix.csv,MATCH,edca0798db9e72c06ecd4600d513ba971d245a4eb9ba68c5a26551f211623497,edca0798db9e72c06ecd4600d513ba971d245a4eb9ba68c5a26551f211623497,ac7b9536ce7a7b7745618b68bc89c74020b6bf6398d0ba43b4a8c3d35ea35600,MATCH
docs/phase2/slot_role_confusion_matrix.csv,MATCH,11c5f8f1af5d2259fd366f4546c096e0d791a53e285484db569c266c878d26c1,11c5f8f1af5d2259fd366f4546c096e0d791a53e285484db569c266c878d26c1,bf401ca16a2992e6cda2e0d238606c54f319dee11142c94053c8c5a168eaa156,MATCH
docs/phase2/synthetic_test_proposals.jsonl,MATCH,f22d2dbcd45bac49606541062e751c3e4f397be18e2e37d57280d11631b01ea3,f22d2dbcd45bac49606541062e751c3e4f397be18e2e37d57280d11631b01ea3,f22d2dbcd45bac49606541062e751c3e4f397be18e2e37d57280d11631b01ea3,MATCH
docs/phase2/temporal_semantics_feasibility.md,MATCH,acb573d28b229a44d658635b9c4c3e25c80c124f285041a06a902e1f98de90b9,acb573d28b229a44d658635b9c4c3e25c80c124f285041a06a902e1f98de90b9,acb573d28b229a44d658635b9c4c3e25c80c124f285041a06a902e1f98de90b9,MATCH
docs/phase2/test_execution_report.md,MATCH,52bcd7b52ba5f8b3a0e560ccee09e5bc4f894872c91595f88799f953ab79ae32,52bcd7b52ba5f8b3a0e560ccee09e5bc4f894872c91595f88799f953ab79ae32,52bcd7b52ba5f8b3a0e560ccee09e5bc4f894872c91595f88799f953ab79ae32,MATCH
docs/phase2/typed_logical_plan_schema_draft.json,MATCH,f5aaf6ce77c82f0f04ec14fea45d1f57febbe186fb34ed55d13ac241bfc3681c,f5aaf6ce77c82f0f04ec14fea45d1f57febbe186fb34ed55d13ac241bfc3681c,e9fe0b21a37dca8f1c15f5d87c95d3b86d2010398e56bfdae7f208bed282a4b5,MATCH
docs/phase25/asl1_adapter_loss_matrix.csv,MATCH,28d81d4683dbc2aaf38669b82ea0142c18e2cbe47381d1cd6a3cb4224e3b8337,28d81d4683dbc2aaf38669b82ea0142c18e2cbe47381d1cd6a3cb4224e3b8337,b89ac57a24f6ea4b31527e5a2a571b61f7e5655e96105a3187a65e1d0ac2ed2f,MATCH
docs/phase25/baseline_manifest.json,MATCH,af40c31a422fb03c45af3e035a6b5bf474f4a1983e1d489f17662297cbc3274f,af40c31a422fb03c45af3e035a6b5bf474f4a1983e1d489f17662297cbc3274f,0337e34bb891bc01a2bb70a2f81af808bd2442bbbf976d4a1ae10a2c1995769b,MATCH
docs/phase25/baseline_test_report.md,MATCH,c5643accad4afaa3cc7f4a9623352492ed7c5fd0bf91921a804da5fdd09354a4,c5643accad4afaa3cc7f4a9623352492ed7c5fd0bf91921a804da5fdd09354a4,b352e4429e7c197b36358a6eb5f49339aab0c533ed8ad9abf22f6598f4f3f9bd,MATCH
docs/phase25/catalog_governance_overlay.json,MATCH,1bc711f4b3c564d1e7147983a5f81aed9464fe949c6b6693748f0f265918a1d1,1bc711f4b3c564d1e7147983a5f81aed9464fe949c6b6693748f0f265918a1d1,2956fae7e751652dca5faad2dafe6e3211a048bcc69842d2f4ba835d286e3072,MATCH
docs/phase25/catalog_lint_report.json,MATCH,a4921ec2df2c5b0483cd596ecac36244b8b52179c05fe6a7e18b5aaa82ef4579,a4921ec2df2c5b0483cd596ecac36244b8b52179c05fe6a7e18b5aaa82ef4579,771b15de79d4c3d9faa048bacd23a84b833622b9c080d5abf2894be0153b1671,MATCH
docs/phase25/catalog_owner_review_checklist.md,MATCH,91396474455d341f7d9bfc66121e44dc790db24cfa23de60941477da3609f02f,91396474455d341f7d9bfc66121e44dc790db24cfa23de60941477da3609f02f,c7635840fc63bc2ce59050e08330f251923655334003d74e7d6cb6e629aef2c3,MATCH
docs/phase25/change_manifest.json,MATCH,3b09a093107b5c61c7807417d8159053d2888bc02612d9e47cac0e09a13bb463,3b09a093107b5c61c7807417d8159053d2888bc02612d9e47cac0e09a13bb463,c2aa8c6cf655d3de7eaa9bf15dbaa90357ade2bb42f81bb28c7c8e1376f38c22,MATCH
docs/phase25/clarification_contract.md,MATCH,2d18c147b3e5553144889465642b013af609846d950f3736a5aab43db8e6014f,2d18c147b3e5553144889465642b013af609846d950f3736a5aab43db8e6014f,c912a10e7756c7bdbcdde78fdcd6c745920d270665878cec1f4d5b5335d42454,MATCH
docs/phase25/conversation_state_machine.md,MATCH,1993caa36dab53e7a8a693399a8adaa266e38c5051f97c2387f77b919766721a,1993caa36dab53e7a8a693399a8adaa266e38c5051f97c2387f77b919766721a,f4ae7e01dd286524eb6f43eaef8941648f896eb0e431981b03b3faae0ac76c94,MATCH
docs/phase25/conversation_state_machine.mmd,MATCH,ab3eaf69f11e8a2d8c6811989fd08134cd8d9911790718fa29e05d44e9dece86,ab3eaf69f11e8a2d8c6811989fd08134cd8d9911790718fa29e05d44e9dece86,e37f2aa0fc2276fab2f0e6bbc343634fdd9a1a1a7b6fae3c3ca3d1778117185f,MATCH
docs/phase25/evaluation_annotation_guide.md,MATCH,f8b54fa8cf4c76e0bff866f5c0187f7380b36dfed591afc9b9f0510caad4614d,f8b54fa8cf4c76e0bff866f5c0187f7380b36dfed591afc9b9f0510caad4614d,b7903472b4672e178a5cbc7bd678d18887b3c1e620bbf352905d4091daeace93,MATCH
docs/phase25/evaluation_metric_spec_v2.json,MATCH,990dd858f9942df8485dd8c8fcd382673918610b99fc9152d0a3b04211a6ad3d,990dd858f9942df8485dd8c8fcd382673918610b99fc9152d0a3b04211a6ad3d,76103ba8e6f17a89c6659b6c818691746a28c63cd0484cbc668bdb46aeb8015a,MATCH
docs/phase25/gold_v2_seed.jsonl,MATCH,99896b354cdbb01334106924d758ce1c27ee8c9daa431ee79848b70f3e6c99ff,99896b354cdbb01334106924d758ce1c27ee8c9daa431ee79848b70f3e6c99ff,5a6a0157417c550ca3b833b01d3b5f02c3818cc642e919ea19f342eaa71f57b2,MATCH
docs/phase25/implementation_backlog.md,MATCH,154e4610cb78dbcf953b276139639beb5c0912b2f578b34e640bbf66b604d699,154e4610cb78dbcf953b276139639beb5c0912b2f578b34e640bbf66b604d699,99c304df46488ba4caea6f93868d68e659a3131746cfca656c48cabe40d46abf,MATCH
docs/phase25/metric_dimension_compatibility_v2.json,MATCH,72e042de3eab43ee7c19e7a07fdd21bfdd793492549a4250fc443e859ce1a73c,72e042de3eab43ee7c19e7a07fdd21bfdd793492549a4250fc443e859ce1a73c,3058be6c86b76cbeaa199397d15694e03c1d8ee99ab87ba203ae30874d4adc16,MATCH
docs/phase25/open_business_metadata_items.md,MATCH,b83a4481e4a60c198da898b8480ed8f66047479c0d64a06598a4798b6e3a5924,b83a4481e4a60c198da898b8480ed8f66047479c0d64a06598a4798b6e3a5924,d1e05c1254a15e0813243ed893ddf3e2dc3812e6e97fdc47a51ca386671d6222,MATCH
docs/phase25/phase25_closure_report.md,MATCH,4b8866b8f8046edc2a8c96d663f1b66d32897023d79eac35b2a8f640cf21f322,4b8866b8f8046edc2a8c96d663f1b66d32897023d79eac35b2a8f640cf21f322,65f25a1b6d4d51bac364f6b6ef0f4291554857b2fde9e858a5a1477fc1ddff47,MATCH
docs/phase25/phase2_corrections_and_addendum.md,MATCH,db0c208d496c15e19e4a7c112684288fa201e9e937e1a651f6390db2c979ea55,db0c208d496c15e19e4a7c112684288fa201e9e937e1a651f6390db2c979ea55,c0e582223e3a0755d77d0a5c01c5d044bb06ea3cb073e55922797d745e91c8eb,MATCH
docs/phase25/relation_governance_overlay.json,MATCH,ad95ac460a550a7ec006145747b17d1cd62b85a46e23e872b79977235f61103b,ad95ac460a550a7ec006145747b17d1cd62b85a46e23e872b79977235f61103b,ad945c0b5951f065953d8bc918a125c6d348250f63a3fddb5e572580f8205057,MATCH
docs/phase25/result_contract_and_proof_chain.md,MATCH,62c96bb08320e12b8015c19974b2a4b9b58d5e530764e5d009549c68edf8f150,62c96bb08320e12b8015c19974b2a4b9b58d5e530764e5d009549c68edf8f150,d7a5ea55628f703cc79e0c830f96e2dfbc793078e55a2845828e31651fbb9d7a,MATCH
docs/phase25/semantic_resolution_v2.md,MATCH,11c28fba448a8847da36b9324853c5c1a056ab7f67c7a29a62b0aa08fea58781,11c28fba448a8847da36b9324853c5c1a056ab7f67c7a29a62b0aa08fea58781,87f7096169f102818ef3e4a6d371bc79a0a85d0a211e5fb6a350fd8a657c900f,MATCH
docs/phase25/shadow_runner_usage.md,MATCH,d698d95bf840f100c2e87355d576222298f8ea9c924536b8962e3b00bc7c20c2,d698d95bf840f100c2e87355d576222298f8ea9c924536b8962e3b00bc7c20c2,474c3fff40d84f9207e7e0da3fe9f7b76722c7045f4ad1cdf91deaa147537e46,MATCH
docs/phase25/state_transition_table.csv,MATCH,f719dfe81034caaaed2b236153e5603eb1ac44f2b3b45a3464c57400b4859265,f719dfe81034caaaed2b236153e5603eb1ac44f2b3b45a3464c57400b4859265,b0ce18af8e096c6518e31b64deee337b27eaef6251fbe13acfbd53ec974c97b5,MATCH
docs/phase25/surface_collision_inventory.json,MATCH,b0e3ee970f2d71b3e229cc7cd6fd6165bfcfc4bfa6ca219ea605eafd5b2c41a1,b0e3ee970f2d71b3e229cc7cd6fd6165bfcfc4bfa6ca219ea605eafd5b2c41a1,bdfa5b5aa6b91a3f7e3e4b8660f945cb175994786a63f8986d24602b3c7a252b,MATCH
docs/phase25/surface_collision_summary.csv,MATCH,290f7e1db8f47d1e1de345a5e6695d3550ffc0b6458d115746c68b392c6aecfd,290f7e1db8f47d1e1de345a5e6695d3550ffc0b6458d115746c68b392c6aecfd,8a475e3e404863912650f56b007d9ee07eb479e51e74688da8d94517f00ba85c,MATCH
docs/phase25/synthetic_test_proposals_v2.jsonl,MATCH,2112130461f3b3df6aeedf37e481ad057effca498b1fefb71f9b87bd97872680,2112130461f3b3df6aeedf37e481ad057effca498b1fefb71f9b87bd97872680,f9c3576e6e0c90628e7836bc63f41bf7a8d1840af0c8958ee24aa4ffd530fdf0,MATCH
docs/phase25/test_failure_triage.json,MATCH,cf242a82f7b17071d2c473ff3fa918668efc87f53fb041ada61629d6fefcc43a,cf242a82f7b17071d2c473ff3fa918668efc87f53fb041ada61629d6fefcc43a,680686c9533ed8dc074ffa5a7fac996a2bc044f6355f877ed457e5485ebd482a,MATCH
docs/phase25/test_failure_triage.md,MATCH,513b52fe8dff11fc0b36a3560934149a27abbea5ae6f373b8d5ae8dfcbba06fa,513b52fe8dff11fc0b36a3560934149a27abbea5ae6f373b8d5ae8dfcbba06fa,721b8f7127a2217e07ce22e3a72c5a7f754b8a93c08cb281c9e3172d509f1f23,MATCH
docs/phase25/trace_v2_contract.md,MATCH,48242f1be88bc7b41e7ae78a0ae367be3455824137e911b81266fddd23aecfa8,48242f1be88bc7b41e7ae78a0ae367be3455824137e911b81266fddd23aecfa8,6d78fefe3baf575fb93d3771f94ceeb6661d3e6c13d244ab864cf0c913809e85,MATCH
docs/phase25/typed_logical_plan_v0_2.schema.json,MATCH,0e16dbcc13ddf68aca136969570773befcc40e2083a246e0fb47bf2dcee9186a,0e16dbcc13ddf68aca136969570773befcc40e2083a246e0fb47bf2dcee9186a,5bf0a52816ead043a7d5c4ab7e0e5c30bd5bf554375c3157573fbecae263d08e,MATCH
docs/phase25/typed_logical_plan_v0_2_examples.jsonl,MATCH,52852a8253665667f7042f1286b8f14919a7bfa85d5bab2a507a7da26a28429e,52852a8253665667f7042f1286b8f14919a7bfa85d5bab2a507a7da26a28429e,3494a1a64f6e81ec6ca5f6918aca4031914b27c5a8dd3e56c4b910c2227fd441,MATCH
docs/phase25_1/README.md,MATCH,c79af2b70351b5db4c9ad3803ef867decd3cd07db4785bf08b859f4620804186,c79af2b70351b5db4c9ad3803ef867decd3cd07db4785bf08b859f4620804186,c79af2b70351b5db4c9ad3803ef867decd3cd07db4785bf08b859f4620804186,
docs/phase25_1/baseline_test_gate.json,MATCH,30c590bafff08bf027689954606c4e2e6f3d1cc58dd12dec1706427da8fe2b8e,30c590bafff08bf027689954606c4e2e6f3d1cc58dd12dec1706427da8fe2b8e,b0b0ac2a3a7eb2a94537a54c9f1d37f615bac8c7a331926175e418db4bdd60ef,
docs/phase25_1/change_manifest_closure.json,MATCH,474e9b0c5e2220714665c45ac81ea7eef6c3924a6879a2efc119c9ea4606d37c,474e9b0c5e2220714665c45ac81ea7eef6c3924a6879a2efc119c9ea4606d37c,3a387f9013d60bc03f12517abf08141a51983d30b24af2792de2c80fea108a41,
docs/phase25_1/change_manifest_implementation.json,MATCH,b6b2078f0799b0fa36012c24f1557b294ed7843971a4628cf811984c410d418a,b6b2078f0799b0fa36012c24f1557b294ed7843971a4628cf811984c410d418a,7f2ba317afa8ff258801fe7948b41e45753d763128e6fc6bd020c203e41a3c70,
docs/phase25_1/contract_boundaries_and_rollback.md,MATCH,feacef7a34ff67292ae70780a198988b514c0a85be82d386df48809ad45657c2,feacef7a34ff67292ae70780a198988b514c0a85be82d386df48809ad45657c2,feacef7a34ff67292ae70780a198988b514c0a85be82d386df48809ad45657c2,
docs/phase25_1/contrast_cases.json,MATCH,feba836dbc890e1a0656f3f35044a96232c65ab31d7460a5424c494f395211e7,feba836dbc890e1a0656f3f35044a96232c65ab31d7460a5424c494f395211e7,72ab2c87db56d690106cdce1e3577d15d247d7a98cca420fcadc1bdbeec0cad6,
docs/phase25_1/current_code_baseline_audit.md,MATCH,b68950c3534c173c2b77f5553874cca23c2b6b9a6a62ec7e641a74807921521f,b68950c3534c173c2b77f5553874cca23c2b6b9a6a62ec7e641a74807921521f,b68950c3534c173c2b77f5553874cca23c2b6b9a6a62ec7e641a74807921521f,
docs/phase25_1/dataset_ancestry_fixture.json,MATCH,344da13ab73ed2b507b42d259413e1f7a5597ac39750937c9de76874525c6acd,344da13ab73ed2b507b42d259413e1f7a5597ac39750937c9de76874525c6acd,be45132aeac3b9f6117f61e55dc4d067418089cfe3c3d7cebb7af3f1eccf6039,
docs/phase25_1/final_verified_test_gate.json,MATCH,f963de960dd0172e6fe8e3188087e57042560276296bb88f8ffd093d956c9f54,f963de960dd0172e6fe8e3188087e57042560276296bb88f8ffd093d956c9f54,ab20efbe2cd8771d189cf60f0fab58ce4c7120c57f6362fb8d2b7618d4f240f9,
docs/phase25_1/final_workspace_git_drift.json,MATCH,d285cbd18974c072a0b6269c0eea813395d574ac7b46bd7d090150096e31508d,d285cbd18974c072a0b6269c0eea813395d574ac7b46bd7d090150096e31508d,80d1a6f0f1a362c15de91e33c3154f4e8b9384f443eed851deff501f7bc6cceb,
docs/phase25_1/gold_v0_2_1.jsonl,MATCH,df5baa3374055e0243fa3ae3f70e0f6d4bc5e2c28b311933728718dd6663a273,df5baa3374055e0243fa3ae3f70e0f6d4bc5e2c28b311933728718dd6663a273,617ee90c28e63503835c2451bbe8e4b4fe20ad7ef9f3dbd6038e2a524febf520,
docs/phase25_1/legacy_parser_freeze_policy.md,MATCH,9836fa1394d5497665b08607d758e57450b37b6710dfeee5df9eca842e593a19,9836fa1394d5497665b08607d758e57450b37b6710dfeee5df9eca842e593a19,9836fa1394d5497665b08607d758e57450b37b6710dfeee5df9eca842e593a19,
docs/phase25_1/long_conversations/dealer_orders.json,MATCH,f1f8e76ecaf64a61424e15cff76f1c7a0f9b913b7f5d902c3faf900df32bd6fd,f1f8e76ecaf64a61424e15cff76f1c7a0f9b913b7f5d902c3faf900df32bd6fd,8939a3d1248b9ab7414a5d9350dfe3a615c7665e6b2dd316cc68033e3073d5a5,
docs/phase25_1/long_conversations/department_purchases.json,MATCH,68d575ac2863b212eddca8d9be0d0926f5f5d657e292c0af4c97ecf0a4ad09aa,68d575ac2863b212eddca8d9be0d0926f5f5d657e292c0af4c97ecf0a4ad09aa,cd406cf18b2580fcfd37f6e909a3f7fc3cdce1790cb3efe3f06d82188afe9a1a,
docs/phase25_1/long_conversations/hospital_sales.json,MATCH,3178e6ad1d0a865e46ee666ef8e09ebb862058a7ebc2752e0ebb974f3c713b9a,3178e6ad1d0a865e46ee666ef8e09ebb862058a7ebc2752e0ebb974f3c713b9a,87c270a706c0755d4f7dc6a63b89cd33116fd3536f1ad3208cfc83d1a90e4273,
docs/phase25_1/long_conversations/product_returns.json,MATCH,90f5c980edc7ac51dbf83467dda5a5a681bc3c668d3456ee6bdd3e244f47932c,90f5c980edc7ac51dbf83467dda5a5a681bc3c668d3456ee6bdd3e244f47932c,327fa3b6385886f8592615af0d19b21bfa5c728a1641439bbc636613cafeaa26,
docs/phase25_1/long_conversations/warehouse_stock.json,MATCH,73e03fdde63743e01b5d70c1150937fcaa3acf7335dce9cfa3f276ffc6396c05,73e03fdde63743e01b5d70c1150937fcaa3acf7335dce9cfa3f276ffc6396c05,620b2d84eb466078c7b4180aac8fda5af784ff76dacd952892c6f36338d6ff7c,
docs/phase25_1/magic_string_audit.json,MATCH,d1a8456bba06c56ffab73f7a52cb19dcb8adb4e660ebc64b1ac192cee1918558,d1a8456bba06c56ffab73f7a52cb19dcb8adb4e660ebc64b1ac192cee1918558,d6e4d3aa4545b54ae24558d901522ed79852a724aca8f14cd026d10040c02c4c,
docs/phase25_1/magic_string_control_plane_audit.md,MATCH,d9156ce1ac933ad8b73d4768f7b98ed88edb34cede59f06a5e910652fc63846f,d9156ce1ac933ad8b73d4768f7b98ed88edb34cede59f06a5e910652fc63846f,d9156ce1ac933ad8b73d4768f7b98ed88edb34cede59f06a5e910652fc63846f,
docs/phase25_1/metamorphic_cases.json,MATCH,573d9f98613f9c66d69daccbab7d0fa191f81820e3108a5746111998a86bcf31,573d9f98613f9c66d69daccbab7d0fa191f81820e3108a5746111998a86bcf31,583dd2941f34b97696eef705a87f78376fcac1c9f37573cf9d7d6c7e4ef36163,
docs/phase25_1/payload_contract_registry.md,MATCH,11c3338b90d4590daed6edd07c7eb564274cafd3fa81fb31edc8783ba18582e2,11c3338b90d4590daed6edd07c7eb564274cafd3fa81fb31edc8783ba18582e2,11c3338b90d4590daed6edd07c7eb564274cafd3fa81fb31edc8783ba18582e2,
docs/phase25_1/phase25_1_closure_report.md,MATCH,056b8196ef7de564689f89cb86c8232328ad1074cda74531d344fa3d3c79eb5b,056b8196ef7de564689f89cb86c8232328ad1074cda74531d344fa3d3c79eb5b,056b8196ef7de564689f89cb86c8232328ad1074cda74531d344fa3d3c79eb5b,
docs/phase25_1/plan_axis_compatibility_matrix.csv,MATCH,ef2c96815a5f4d78dd826ad5659ef6e6a44b041e68be985b41afca0fca8828f4,ef2c96815a5f4d78dd826ad5659ef6e6a44b041e68be985b41afca0fca8828f4,981715e56f9d1de094ba8b56befc22da6d62377a1bc6a928b0196af5e884b4de,
docs/phase25_1/preexisting_workspace_drift.json,MATCH,a6fb566b0e763e8e8845e3e188f58fa6d9e63172367dec7569cab5f5b133b3a6,a6fb566b0e763e8e8845e3e188f58fa6d9e63172367dec7569cab5f5b133b3a6,bb7047f885d889ae3ff620c12a1c5ccab16b3c80fa0b15aedeb1d0996b2e69f6,
docs/phase25_1/safety_gate.json,MATCH,9ecd652e4b91b6c437afaa7d1450ed161382725d5be807b25556be7677d32f18,9ecd652e4b91b6c437afaa7d1450ed161382725d5be807b25556be7677d32f18,584582b67a41bc79fa0353e348d27794124e10f7f171bc5b23b415c3c24b01d2,
docs/phase25_1/semantic_v2_import_audit.json,MATCH,40bea79c6e27b085afede3b67a6933d82ed677500fee1035e5d9045a3e669996,40bea79c6e27b085afede3b67a6933d82ed677500fee1035e5d9045a3e669996,9d5238e2e9e8a9bbcbda5a973930677c5aed15ff831903a68a7bf3d108efdd8b,
docs/phase25_1/source_inventory.json,MATCH,dd18da3a8e97245b924939e671c0fec1b275f726f7fc922f0abe6124ca57448f,dd18da3a8e97245b924939e671c0fec1b275f726f7fc922f0abe6124ca57448f,dfbdc1b3c3cf0f0245c7dee233a13858e18ff99cb0861e40d8af4a15eade39f0,
docs/phase25_1/test_gate_comparison.json,MATCH,506b9386c8542bd8dc65f9054fe289c466fdd66dabcbaec72d0c4472413cfdea,506b9386c8542bd8dc65f9054fe289c466fdd66dabcbaec72d0c4472413cfdea,c051b2bca381445bffe3b46c184ced77b99a7d77bc0b7a9a84a68b61f7bb4058,
docs/phase25_1/verified_final_test_gate.json,MATCH,0a5021d2c3212957ccd86bbabadeb2c4dacfe3c0ef2a2c265dadccb385959d54,0a5021d2c3212957ccd86bbabadeb2c4dacfe3c0ef2a2c265dadccb385959d54,37087ffd3a8599343a676725f0ce8af9a4e1ae7383716d62f1e9b99dbbc0a9ff,
evals/INTENT_REALISTIC_100_REPORT.md,MATCH,00505ea4f4a84c018fdeffd77fefc576aaae4f48a4a40bb07422e951d64a740a,00505ea4f4a84c018fdeffd77fefc576aaae4f48a4a40bb07422e951d64a740a,00505ea4f4a84c018fdeffd77fefc576aaae4f48a4a40bb07422e951d64a740a,MATCH
evals/QWEN_200_EVALUATION.md,MATCH,ece0b80ab1b4ba1306c0a536a65f96f53864e4c38cf2b0ada4094d6b4ffda158,ece0b80ab1b4ba1306c0a536a65f96f53864e4c38cf2b0ada4094d6b4ffda158,ece0b80ab1b4ba1306c0a536a65f96f53864e4c38cf2b0ada4094d6b4ffda158,MATCH
evals/README.md,MATCH,183907b09eeef86b855920366f3129c0ebb94dc1b04d6a3a99fd1aba6468d45f,183907b09eeef86b855920366f3129c0ebb94dc1b04d6a3a99fd1aba6468d45f,183907b09eeef86b855920366f3129c0ebb94dc1b04d6a3a99fd1aba6468d45f,MATCH
evals/compare_entity_shadow.py,MATCH,25acb51464f8ec79bbaaa02c4a57d5c5d0e3c5057b3b75571a59ce2034599086,25acb51464f8ec79bbaaa02c4a57d5c5d0e3c5057b3b75571a59ce2034599086,25acb51464f8ec79bbaaa02c4a57d5c5d0e3c5057b3b75571a59ce2034599086,MATCH
evals/evaluate_entity_candidates.py,MATCH,cd34589fc208a6d5961ca184a6dc7baa421f15c4058577cd7cb6b62e6e00c764,cd34589fc208a6d5961ca184a6dc7baa421f15c4058577cd7cb6b62e6e00c764,cd34589fc208a6d5961ca184a6dc7baa421f15c4058577cd7cb6b62e6e00c764,MATCH
evals/intent_probe.json,MATCH,1bbc0218abfbe8bed4f174abdf51c6bdd3fcb4cee17b71939e18f10cdf03ec43,1bbc0218abfbe8bed4f174abdf51c6bdd3fcb4cee17b71939e18f10cdf03ec43,1bbc0218abfbe8bed4f174abdf51c6bdd3fcb4cee17b71939e18f10cdf03ec43,MATCH
evals/intent_realistic_100.json,MATCH,4790bc2bc4d523adfa8dbad1fc29ad80db40c9dd13a3a13515ee7e80735874da,4790bc2bc4d523adfa8dbad1fc29ad80db40c9dd13a3a13515ee7e80735874da,4790bc2bc4d523adfa8dbad1fc29ad80db40c9dd13a3a13515ee7e80735874da,MATCH
evals/intent_realistic_extra_100.json,MATCH,640a3addb2bc0d91059c1628fe40b656ef6f83cce719fac38c728c6b91deab70,640a3addb2bc0d91059c1628fe40b656ef6f83cce719fac38c728c6b91deab70,640a3addb2bc0d91059c1628fe40b656ef6f83cce719fac38c728c6b91deab70,MATCH
evals/intent_smoke.json,MATCH,a3e98a45db555b42311ecff3f89d36e896720116d3d0402a05a321be9faa3b9f,a3e98a45db555b42311ecff3f89d36e896720116d3d0402a05a321be9faa3b9f,a3e98a45db555b42311ecff3f89d36e896720116d3d0402a05a321be9faa3b9f,MATCH
evals/medical_scenario_chain.json,MATCH,53764d8945c3758dc2749949e2fb06411b3e35020e65ba11ce50fdec4b9727d6,53764d8945c3758dc2749949e2fb06411b3e35020e65ba11ce50fdec4b9727d6,53764d8945c3758dc2749949e2fb06411b3e35020e65ba11ce50fdec4b9727d6,MATCH
evals/results/debug-projection-response.json,MATCH,461d3ae7d3960f0ea168ef921efafb1cfd09ab55a4117406cd101ed9307efe6e,461d3ae7d3960f0ea168ef921efafb1cfd09ab55a4117406cd101ed9307efe6e,0e85017544a22dadac53be445679648ae5509a712a7e764eb88d55244d95bb8d,MATCH
evals/results/debug-sales-detail-r3.json,MATCH,df99102a6016b71a317aa7b61dc0b6634e94c4d240c764860aa1888772640e76,df99102a6016b71a317aa7b61dc0b6634e94c4d240c764860aa1888772640e76,cc7101037f6e436fdd93283a00e073fd9998abd49f33f59da740bcc4dc5b0c59,MATCH
evals/results/entity-off-20260831.json,MATCH,01a785efcb02ea8074bc1ec6f01d05488d53485156e40444a0547470eab97bc5,01a785efcb02ea8074bc1ec6f01d05488d53485156e40444a0547470eab97bc5,163edba75f337a32cc0d15c2252dfb9ce171a5e4d98e28ca5d47856dc80e510a,MATCH
evals/results/entity-shadow-20260831.json,MATCH,a185f30be53c28b420762f34b7f7541d4cae24c9e55bab8b8e54d1032c53bea1,a185f30be53c28b420762f34b7f7541d4cae24c9e55bab8b8e54d1032c53bea1,23fe0b92ca4c93b5229d3427da7debf26bd3a7578e2644219f1b037fc1805f7d,MATCH
evals/results/focused-clarification-switch.json,MATCH,ee3d2bb4b2e106ae0c0cc0f75e19c0c2e6cd4a978aeb050656785232ba9e5e11,ee3d2bb4b2e106ae0c0cc0f75e19c0c2e6cd4a978aeb050656785232ba9e5e11,b91e9fe2cbbda136fc73bb457db3bf118fb22cfd9ff4f47ef2d0584a45854ef3,MATCH
evals/results/focused-entity-after-fix.json,MATCH,4e70b848bb04726eefdb14b517eef717eb483dc372799ab9b2ed8ee9e9aa9058,4e70b848bb04726eefdb14b517eef717eb483dc372799ab9b2ed8ee9e9aa9058,5ce127878041c80daeb0a439f7f5922d5ba426f971375e67f0e20527e8569c0b,MATCH
evals/results/focused-entity-ranking-v2.json,MATCH,8bfcca69221f8373a55310ce7386d2338fc5e4c0ff94ad08a929ae3b68880918,8bfcca69221f8373a55310ce7386d2338fc5e4c0ff94ad08a929ae3b68880918,7975bbc263a8691c2456a4f542c65aba11748bcc44e8524d73297073e94713da,MATCH
evals/results/focused-entity-ranking-v3.json,MATCH,469783751f729140b431bb608b894f22028bc05d59839d50fd6d88383eb64dc7,469783751f729140b431bb608b894f22028bc05d59839d50fd6d88383eb64dc7,bbc104943b9a02e7b9ca340ca64c5e717c8f42c4ae8692ef415aeb75088513f0,MATCH
evals/results/focused-entity-ranking.json,MATCH,1a630fad282907fcb2f71f47466f29cc51bf9dfb2df723fd3be0e76a247bd25a,1a630fad282907fcb2f71f47466f29cc51bf9dfb2df723fd3be0e76a247bd25a,4bd78249b43cb55b8afae9df42458009b58b2b3d55038bb017b62575f6bc3972,MATCH
evals/results/focused-multidimensional-after-fix.json,MATCH,4540c4ee5a85de760a9f0cd1a4bce23a1327396919223536eb64ceaa4a3eea42,4540c4ee5a85de760a9f0cd1a4bce23a1327396919223536eb64ceaa4a3eea42,de168226819204e3715efca5c871cfd9f0be77720d612f2b4cf1c7cd85e6528e,MATCH
evals/results/focused-multidimensional.json,MATCH,a1e0883994e48de7dacba9a2146ff94274a0c469d998a3287b23a738a51fe7f0,a1e0883994e48de7dacba9a2146ff94274a0c469d998a3287b23a738a51fe7f0,3fda89ece8abc665a95c88a52b74adcc7da53adac85dcb2a46fecb8a79ed15f0,MATCH
evals/results/focused-time-followup-after-fix.json,MATCH,bd44ccf9a519de747bb44a7387fd5ceddebb2f86b631a94d27a941c18ca8db82,bd44ccf9a519de747bb44a7387fd5ceddebb2f86b631a94d27a941c18ca8db82,66d6c7c31dc8cb53b5c959808ff8d11ab1af1c9c1289f5eff093922f25d7e0d2,MATCH
evals/results/focused-time-followup-brand-preserve.json,MATCH,c58cfebcd4d159626bb7e3aaecad886c1832cd46c6d5fc7f3a761eaeefe69b98,c58cfebcd4d159626bb7e3aaecad886c1832cd46c6d5fc7f3a761eaeefe69b98,cafde4bfa9bcf5abb4c7c69ccd6c1b7aa86c959ab618cccf2a6348b189e71ab7,MATCH
evals/results/focused-time-followup-final.json,MATCH,69418594b0a5b098cce8f19a398cdfd6275b2e504ba1f3f786317f344dde5778,69418594b0a5b098cce8f19a398cdfd6275b2e504ba1f3f786317f344dde5778,4d464620fb3749aaae475e49ba56006ab142a2f717914fd73bd2637980aac7c5,MATCH
evals/results/focused-time-followup-second-fix.json,MATCH,0a813ebdc6ba8c1c28e8fd3a09e851d41efac0d09a75dc9f1c741afb5b31220d,0a813ebdc6ba8c1c28e8fd3a09e851d41efac0d09a75dc9f1c741afb5b31220d,45e4eb1994d467dcd7ea6db53abc053c0156f3f79713267c283bd2fa3fdea29b,MATCH
evals/results/focused-time-followup-verified-v2.json,MATCH,c31e5bceb20083324ddb1741edbafe3a42a9e5aad125fd09a0b558e680b12184,c31e5bceb20083324ddb1741edbafe3a42a9e5aad125fd09a0b558e680b12184,f038913a43d99377c6fba3f14fa7b9c1536509d9e47a4db8c99ebcc2bfb39d62,MATCH
evals/results/focused-time-followup-verified-v3.json,MATCH,44f51753de60523215bb2a0a75a696c200637444ad6f113e8825f1dd354432bd,44f51753de60523215bb2a0a75a696c200637444ad6f113e8825f1dd354432bd,29256cf5b61a43e0767ddde38ce156f568f389c0f81e4dec8881b58da78d4531,MATCH
evals/results/focused-time-followup-verified.json,MATCH,204991bdf621683b1a5f56c18b8f245a31df01f4f719fc9defaecf3becf832b5,204991bdf621683b1a5f56c18b8f245a31df01f4f719fc9defaecf3becf832b5,56827f55327cf94b2d6894e77b28c0f917aa7c90e7a7907552c36dd01c6f5eaa,MATCH
evals/results/followup-30turn-20260828-202635.json,MATCH,7da7dbc50661c1f979305a62f77008031edb63cb4dd5d1f8f4fea37512fa2251,7da7dbc50661c1f979305a62f77008031edb63cb4dd5d1f8f4fea37512fa2251,ea84ac2caa84ab36f06b57e9896b41f41c76dde24e2dd800e9ff2cbe154d3a61,MATCH
evals/results/followup-30turn-20260828-203915.json,MATCH,98e6abbcea0ca8949ac2c6c231709c303a2ddbdc9ca2a3b248227f7ee0473656,98e6abbcea0ca8949ac2c6c231709c303a2ddbdc9ca2a3b248227f7ee0473656,c59d54a480d6eac086b4e45ba4a29ae643aa97ab71de8994d03dd9725ca3d046,MATCH
evals/results/live-baseline-after-followup-fixes.json,MATCH,9f622dd0589a8e2de294472cadaba36290a49266fe0b21ff72d7d2e4f85a419f,9f622dd0589a8e2de294472cadaba36290a49266fe0b21ff72d7d2e4f85a419f,b415a29b99b957f56a7d37efc9c492e57870e3cb3ae98095a801800db12c62b0,MATCH
evals/results/live-baseline-current.json,MATCH,9427c19204d9bb57430c0d2d195da3ffb2cc3560edeb7973347de99f8937f65f,9427c19204d9bb57430c0d2d195da3ffb2cc3560edeb7973347de99f8937f65f,6b61c85f1e34a8e1991400f867da1f7cd715b3407cec90b92a23ef51357410c1,MATCH
evals/results/live-expanded-simple-36-final.json,MATCH,aac78f6cae12792197ff4ef2a30975815ba949f90774deac74e081064f9178fe,aac78f6cae12792197ff4ef2a30975815ba949f90774deac74e081064f9178fe,61581280ed34cc696fcac67e4fa9e3a59ccaa3a436b94c60b2dc6a8c1edb0faa,MATCH
evals/results/live-expanded-simple-q09-q12-r2.json,MATCH,4171c50a843f223013fe7045f9c713f58a92e50f60354b2f1db28514697ebd1a,4171c50a843f223013fe7045f9c713f58a92e50f60354b2f1db28514697ebd1a,a653977585dacb05a810536654d28fa0348e128d0414a0aefb8a7fbfea0329b6,MATCH
evals/results/live-expanded-simple-q09-q12.json,MATCH,87a8281bf55852af33f5533a6faff4e0c93b6d52f5aa6db3897562d7e685d9fe,87a8281bf55852af33f5533a6faff4e0c93b6d52f5aa6db3897562d7e685d9fe,1747b8e9ae1c52db2e418bfb7fe8c41b0334d3968b02b4b8994739e1ea1f1836,MATCH
evals/results/model81-30-failures-round2.json,MATCH,e79cde63f3534a40a37ebdf7a59cd980a516ef2d3803d31c359ca8897e14920d,e79cde63f3534a40a37ebdf7a59cd980a516ef2d3803d31c359ca8897e14920d,71ec980b32d2e4ba66cb4f44c0646e076a9825b78cc0ecc57d5c1222b10cc060,MATCH
evals/results/model81-30-failures-round3.json,MATCH,25515c2a434197890eb95b9c6a9f7cd7a251d8b72f89d79b19caa5b10fe129a9,25515c2a434197890eb95b9c6a9f7cd7a251d8b72f89d79b19caa5b10fe129a9,f3c5e5582e66a4baf5f81bc27302a68de5b9c379339615687aff1f5671ff979f,MATCH
evals/results/model81-30-final-round1.json,MATCH,a6d68d115c5903dbe9af8bf399ab6e3b207e0d243000b8323501f42f48a0622b,a6d68d115c5903dbe9af8bf399ab6e3b207e0d243000b8323501f42f48a0622b,75369a018a50adf670c61009c6accad57b8f61ca2f6abcda381dd2dbafc8acc2,MATCH
evals/results/model81-30-q16-round4.json,MATCH,cf8aa6308567e88b95b5883caf4b791b4fcc042d95170a0dbcb4942f6b73a9c4,cf8aa6308567e88b95b5883caf4b791b4fcc042d95170a0dbcb4942f6b73a9c4,522d8f0b96260e785d21cff200c8c1de5abcf53347bbfc13e68e81d4360c7651,MATCH
evals/results/model81-30-q16-round6.json,MATCH,059261ecd79a5af3d5a3403f2a64bb24d4b60aee7a3130e5f22aa8c3a44702ff,059261ecd79a5af3d5a3403f2a64bb24d4b60aee7a3130e5f22aa8c3a44702ff,f7b788d74384caa08efa943af99c22201e238cea544094b666a9922604a115ab,MATCH
evals/results/model81-30-q16-round7.json,MATCH,53520b16f809eba540e487fa86558c7dfa606b9674382a0ceee49f35d69ddc53,53520b16f809eba540e487fa86558c7dfa606b9674382a0ceee49f35d69ddc53,173b5657f86be2fc004a1386c7ccb3781c58dbd77f1c16aca7a0ce5270a32be4,MATCH
evals/results/model81-30-q16-round8.json,MATCH,2a8df2b54129a2717b1c77c677ec2befba0b43ea2d64ddaaa89ee5dd771da496,2a8df2b54129a2717b1c77c677ec2befba0b43ea2d64ddaaa89ee5dd771da496,c735db22039259038c7cf9d2ec6dfebf3809af65f67b3c9394ef6600066a383e,MATCH
evals/results/model81-30-q16-trend-round5.json,MATCH,7d35d157fc19c5415dcfbffdad4c7f064918c06f57de20d774a3392039ae906d,7d35d157fc19c5415dcfbffdad4c7f064918c06f57de20d774a3392039ae906d,46761f5b17fb87daa15b6138ebcd6b84008f6ad73d8e51477d8d92414eb84d03,MATCH
evals/results/model81-30-round1.json,MATCH,f84a93b227014cdc5d5bc6682cf36d9a3938d639ef0ef9af8b2860e2614e2c95,f84a93b227014cdc5d5bc6682cf36d9a3938d639ef0ef9af8b2860e2614e2c95,090032c2457e3fc6bb198623600d0bc2236407f1dd0ad504337a59f6b60e3d13,MATCH
evals/results/model81-q14-full-138.json,MATCH,a933ed2d302ed17ac0c397fb65ec1a44ac892b553983397997480507cf56654f,a933ed2d302ed17ac0c397fb65ec1a44ac892b553983397997480507cf56654f,38cf4e06f4296eaa4fc5685a38fb0e5ea45302f4113f52e374614d98bf4f4671,MATCH
evals/results/model81-q7-distinct-fix.json,MATCH,edad2fa4017bfcc5d3f3f33523f7afba815bf1f8cab06c8800ee08f6219a0c17,edad2fa4017bfcc5d3f3f33523f7afba815bf1f8cab06c8800ee08f6219a0c17,a066494df4c3c3f0bb35ebb8a605a89514b4b3601a34bb573deeb6387235409e,MATCH
evals/results/qwen-hybrid-intent-200-adversarial-update.json,MATCH,3755eb5146659e75dc4b740943c14aaab15a80e64fe516e2aad14d7eea958377,3755eb5146659e75dc4b740943c14aaab15a80e64fe516e2aad14d7eea958377,3755eb5146659e75dc4b740943c14aaab15a80e64fe516e2aad14d7eea958377,MATCH
evals/results/qwen3.6-plus-hybrid-intent-200-20260820-171114.json,MATCH,a008abf8a83d977803297ad3683e3339f5e6ddf5cc216c330ba328591fbf3be0,a008abf8a83d977803297ad3683e3339f5e6ddf5cc216c330ba328591fbf3be0,0958dd576dc3030b6c4f0c9eb732608210401c51f5987704fa5261e52f520daa,MATCH
evals/results/qwen3.6-plus-intent-200-20260820-170147.json,MATCH,68b906a2aeafc22694515f45c35066830f22cb8b26c04a1e552ee334b0ec71e5,68b906a2aeafc22694515f45c35066830f22cb8b26c04a1e552ee334b0ec71e5,abcb99e743167b34f7bb101842dcfc39e3cac96ac69018d9cf9333aa67ac4807,MATCH
evals/results/rule-intent-200-adversarial-update.json,MATCH,6aa0e8293dc7a4ef392324407b29748c4824b9fe4bea7ae21c0b0eaf9d54dd4d,6aa0e8293dc7a4ef392324407b29748c4824b9fe4bea7ae21c0b0eaf9d54dd4d,6aa0e8293dc7a4ef392324407b29748c4824b9fe4bea7ae21c0b0eaf9d54dd4d,MATCH
evals/results/rule-intent-current.json,MATCH,e3b0c44298fc1c149afbf4c8996fb92427ae41e4649b934ca495991b7852b855,e3b0c44298fc1c149afbf4c8996fb92427ae41e4649b934ca495991b7852b855,e3b0c44298fc1c149afbf4c8996fb92427ae41e4649b934ca495991b7852b855,MATCH
evals/results/targeted-after-fix-1.json,MATCH,38719e6ddf0cc4a913492307c82fb5f67e82e823a923a0a15aa479549741dba2,38719e6ddf0cc4a913492307c82fb5f67e82e823a923a0a15aa479549741dba2,4241385830bac9464a2cfbf5255ce0900c05a42fc5d98110e5d0f847c7afb768,MATCH
evals/run_30turn_followup_eval.py,MATCH,f99f79f09da331fdebfc42cba084062ef42ceb32d2ba9421e8b5014d8b45dcec,f99f79f09da331fdebfc42cba084062ef42ceb32d2ba9421e8b5014d8b45dcec,f99f79f09da331fdebfc42cba084062ef42ceb32d2ba9421e8b5014d8b45dcec,MATCH
evals/run_analysis_synthesis_probe.py,MATCH,2aa3cd4456e1ba4ea84408b71f8c695f98d99bc9bbe93090e2efe2761c7e8328,2aa3cd4456e1ba4ea84408b71f8c695f98d99bc9bbe93090e2efe2761c7e8328,2aa3cd4456e1ba4ea84408b71f8c695f98d99bc9bbe93090e2efe2761c7e8328,MATCH
evals/run_business_question_matrix.py,MATCH,01a1232805d181e9843aa2a1e173f388b74c766c140106ac705221ab881a3b30,01a1232805d181e9843aa2a1e173f388b74c766c140106ac705221ab881a3b30,01a1232805d181e9843aa2a1e173f388b74c766c140106ac705221ab881a3b30,MATCH
evals/run_intent_eval.py,MATCH,d369cd4c371e4a19670f899bcda703efcabd2fb28a7056c49d4e63e67a7bc77f,d369cd4c371e4a19670f899bcda703efcabd2fb28a7056c49d4e63e67a7bc77f,d369cd4c371e4a19670f899bcda703efcabd2fb28a7056c49d4e63e67a7bc77f,MATCH
evals/run_live_60_question_suite.py,MATCH,c4ca6c31472937cd2731ad3a93540428afda34c0395c2e0805b03d35e952093a,c4ca6c31472937cd2731ad3a93540428afda34c0395c2e0805b03d35e952093a,c4ca6c31472937cd2731ad3a93540428afda34c0395c2e0805b03d35e952093a,MATCH
evals/run_live_medical_scenarios.py,MATCH,7ba65174f726eab4534e42938c282e0d1c4c9942ceb11315af5b98fedeae3e10,7ba65174f726eab4534e42938c282e0d1c4c9942ceb11315af5b98fedeae3e10,7ba65174f726eab4534e42938c282e0d1c4c9942ceb11315af5b98fedeae3e10,MATCH
evals/run_model81_30.py,MATCH,d77653e6c97bf79c76914007cf80af2877e28dff2fd557060d9709152e9cd89b,d77653e6c97bf79c76914007cf80af2877e28dff2fd557060d9709152e9cd89b,d77653e6c97bf79c76914007cf80af2877e28dff2fd557060d9709152e9cd89b,MATCH
evals/run_named_dealer_followup.py,MATCH,05a9ecb0ef1a187a95429b810fb4879916edab210cc572e22132307599fdb7e3,05a9ecb0ef1a187a95429b810fb4879916edab210cc572e22132307599fdb7e3,05a9ecb0ef1a187a95429b810fb4879916edab210cc572e22132307599fdb7e3,MATCH
evals/run_time_grouping_followup.py,MATCH,fc15bc6ef8703ddafd8bf9e39c958b61935eb87471bfa0f58e8f143b9b8c91bb,fc15bc6ef8703ddafd8bf9e39c958b61935eb87471bfa0f58e8f143b9b8c91bb,fc15bc6ef8703ddafd8bf9e39c958b61935eb87471bfa0f58e8f143b9b8c91bb,MATCH
migrations/001_long_term_memory.sql,MATCH,cf8be501c3d1e7e37355113199e7040e8fd117d727b0585442e0fbd257be6021,cf8be501c3d1e7e37355113199e7040e8fd117d727b0585442e0fbd257be6021,cf8be501c3d1e7e37355113199e7040e8fd117d727b0585442e0fbd257be6021,MATCH
migrations/002_memory_candidate_idempotency.sql,MATCH,e60b6b6a8c28e7d01cdd71e67de1cbc0ee17bec61486c1e3db5e2eb83d56138c,e60b6b6a8c28e7d01cdd71e67de1cbc0ee17bec61486c1e3db5e2eb83d56138c,e60b6b6a8c28e7d01cdd71e67de1cbc0ee17bec61486c1e3db5e2eb83d56138c,MATCH
minio_followup_store.py,MATCH,93c71b5d95222037cfccac68a0fd1b56e537503aca5aa1ef13cec161cf14f05c,93c71b5d95222037cfccac68a0fd1b56e537503aca5aa1ef13cec161cf14f05c,93c71b5d95222037cfccac68a0fd1b56e537503aca5aa1ef13cec161cf14f05c,MATCH
pyproject.toml,MATCH,a56085dbc6413ad4795450a07b3f795149f770f345c4bb74affb0493d0048f0c,a56085dbc6413ad4795450a07b3f795149f770f345c4bb74affb0493d0048f0c,a56085dbc6413ad4795450a07b3f795149f770f345c4bb74affb0493d0048f0c,MATCH
scripts/ecommerce_agent_test.sql,MATCH,57dec63dd587fe4699faa732f679b8740fec62e67f5af939bb3c790c7aa4f330,57dec63dd587fe4699faa732f679b8740fec62e67f5af939bb3c790c7aa4f330,57dec63dd587fe4699faa732f679b8740fec62e67f5af939bb3c790c7aa4f330,MATCH
scripts/run_context_leakage_regression.py,MATCH,38d967706014ef3876396205e63588cebdee5b1a52931d920cc593acdfa6b59f,38d967706014ef3876396205e63588cebdee5b1a52931d920cc593acdfa6b59f,38d967706014ef3876396205e63588cebdee5b1a52931d920cc593acdfa6b59f,MATCH
scripts/run_followup_result_reuse_regression.py,MATCH,c7f75c2ce6ee2cb2796c6e18812b958b90b2929c53448edf5e4a27a62886843d,c7f75c2ce6ee2cb2796c6e18812b958b90b2929c53448edf5e4a27a62886843d,c7f75c2ce6ee2cb2796c6e18812b958b90b2929c53448edf5e4a27a62886843d,MATCH
scripts/run_qwen_200_eval.ps1,MATCH,9ed91431823d8d755529e246ac7c5a6a40330ada3f77c1897e5f37e9d9b02e57,9ed91431823d8d755529e246ac7c5a6a40330ada3f77c1897e5f37e9d9b02e57,9ed91431823d8d755529e246ac7c5a6a40330ada3f77c1897e5f37e9d9b02e57,MATCH
scripts/seed_analysis_history.py,MATCH,8977dba2fe1da23ad14cd2a0854fd76738f707ae9530a53be1c9864143a92516,8977dba2fe1da23ad14cd2a0854fd76738f707ae9530a53be1c9864143a92516,8977dba2fe1da23ad14cd2a0854fd76738f707ae9530a53be1c9864143a92516,MATCH
scripts/start_with_entity_shadow.ps1,MATCH,98c20a52095e9deffd8e80757070f5ce078cd964fb2a139f02dcafaa57d74b12,98c20a52095e9deffd8e80757070f5ce078cd964fb2a139f02dcafaa57d74b12,98c20a52095e9deffd8e80757070f5ce078cd964fb2a139f02dcafaa57d74b12,MATCH
scripts/supplier_department_match_example.sql,MATCH,e74e331fe685ea96577c59f895da65d146cc710ac2ba5ff1df020a6dbe75c1b9,e74e331fe685ea96577c59f895da65d146cc710ac2ba5ff1df020a6dbe75c1b9,e74e331fe685ea96577c59f895da65d146cc710ac2ba5ff1df020a6dbe75c1b9,MATCH
specs/semantic_v2/0.2.1/CandidateSelectionDecision.schema.json,MATCH,b4c3c8b19a527ae90421ddd0c3b2dfe13805e652c9d5393085ea413b48fcd5de,b4c3c8b19a527ae90421ddd0c3b2dfe13805e652c9d5393085ea413b48fcd5de,650d10ad06f8fcd69c2a3912231ecf6364722099e63f8860a270383b1ad29d2b,
specs/semantic_v2/0.2.1/ConversationState.schema.json,MATCH,9b958e4fc08bec6f79cf8351df68f4af004d705c3bd887b69eb96c68861ef5bf,9b958e4fc08bec6f79cf8351df68f4af004d705c3bd887b69eb96c68861ef5bf,b8d7e50a758ea5de451628aa936c7511d7e8665aaf0b61a600e65a2a01d80a4c,
specs/semantic_v2/0.2.1/CurrentTurnParseResult.schema.json,MATCH,32032fc14b6dc2ba449c7a62a533249a95ebf7fd4ef9f7806ad00c90437745d4,32032fc14b6dc2ba449c7a62a533249a95ebf7fd4ef9f7806ad00c90437745d4,72cca9f73702372b7f443f0206b69b36204441d5bc774a0642d31d9e7dd43e00,
specs/semantic_v2/0.2.1/CurrentTurnSemanticParse.schema.json,MATCH,3ab9403726507d56d40ce6334619145770e32eba4e4dd740c00da74023f9a93c,3ab9403726507d56d40ce6334619145770e32eba4e4dd740c00da74023f9a93c,6aab0ab5e2b832621afd33f14c454e0357b582427948a3f1b5a390289841057d,
specs/semantic_v2/0.2.1/ExecutablePlan.schema.json,MATCH,b2852d5b9a374008a9d91f97b097c1bd11bbb1efa274be1f6ff47392f00b6732,b2852d5b9a374008a9d91f97b097c1bd11bbb1efa274be1f6ff47392f00b6732,3c43d90d81b164ee068e0952865a1985eda9f7b318f66e4a6250928ab5db8857,
specs/semantic_v2/0.2.1/ExecutionAttemptRecord.schema.json,MATCH,c375b608fd0b18353785d48b738e60cb20e0f5813af24eea30bd14e395e846ef,c375b608fd0b18353785d48b738e60cb20e0f5813af24eea30bd14e395e846ef,8f40c9588a1dcbd2ee4c38e6369566c6f09f8e9504f4899beaa4a5a746eb6b4e,
specs/semantic_v2/0.2.1/LogicalPlan.schema.json,MATCH,c30d82ce705c467ea604f04b3ccc4d9856a49afd2d4774e9afc2bf8f01544da3,c30d82ce705c467ea604f04b3ccc4d9856a49afd2d4774e9afc2bf8f01544da3,4c003b013a77f8c04ae8e693135028f4f40ca809890b1b7b4b3a5c1ca6c39efc,
specs/semantic_v2/0.2.1/PlanEnvelope.schema.json,MATCH,6d7bd6cce5311333cb6f137007bd98b277250c7f79f19343f09ed96e5b448580,6d7bd6cce5311333cb6f137007bd98b277250c7f79f19343f09ed96e5b448580,2ab7ce6d62912931d64790660fe6972ae966613d7e3ba3f77b3bb31b4b65553a,
specs/semantic_v2/0.2.1/TaskSemanticState.schema.json,MATCH,7c4b9e2112cf62bd292c925239536ace57f8b8f690c68b178fcf725c1f02dc79,7c4b9e2112cf62bd292c925239536ace57f8b8f690c68b178fcf725c1f02dc79,e069696f6336097384586e2b9cc88c70b91da804f3f581919a08df6b4672a663,
specs/semantic_v2/0.2.1/TurnResolutionResult.schema.json,MATCH,44b2211a9cc3f85c4086bd3834e20b8b5cb0828a895099d3488d06019fb5601f,44b2211a9cc3f85c4086bd3834e20b8b5cb0828a895099d3488d06019fb5601f,4ae8eb0cff57d63be3eef7faefeb6248555df86a3a11cdb3f386be696f33f037,
specs/semantic_v2/semantic_resolution_contract.json,MATCH,5b181ae303907dc00dc9a86cd88fbe645767cde618c46c0ffd347c8a0d5fa97c,5b181ae303907dc00dc9a86cd88fbe645767cde618c46c0ffd347c8a0d5fa97c,f84dc2c8d9b3950a09eec176c6eaa6edbeaa3490aa99d4526af9d40ec7c324d2,MATCH
specs/semantic_v2/trace_v2.schema.json,MATCH,af1a3c7b1dc96efd9be5356bcfb830d091cd644760c2c85cd6796d7a3ac3a882,af1a3c7b1dc96efd9be5356bcfb830d091cd644760c2c85cd6796d7a3ac3a882,798d1e8eed3dc0a7abfa5067d323cce0f5a748f1ded0e892896e85c9176a35e3,MATCH
specs/semantic_v2/typed_logical_plan_v0_2.schema.json,MATCH,0e16dbcc13ddf68aca136969570773befcc40e2083a246e0fb47bf2dcee9186a,0e16dbcc13ddf68aca136969570773befcc40e2083a246e0fb47bf2dcee9186a,5bf0a52816ead043a7d5c4ab7e0e5c30bd5bf554375c3157573fbecae263d08e,MATCH
tests/test_analysis_data_contracts.py,MATCH,f176ee71f357f25e9963565745c239cf561c75fa2c72e686bb5dcc0d7fd2dbfe,f176ee71f357f25e9963565745c239cf561c75fa2c72e686bb5dcc0d7fd2dbfe,f176ee71f357f25e9963565745c239cf561c75fa2c72e686bb5dcc0d7fd2dbfe,MATCH
tests/test_analysis_engine.py,MATCH,62ee5a5f15d9e916834bfe0a88f3cacac9703d6093f62a78b7056eccef9bbf87,62ee5a5f15d9e916834bfe0a88f3cacac9703d6093f62a78b7056eccef9bbf87,62ee5a5f15d9e916834bfe0a88f3cacac9703d6093f62a78b7056eccef9bbf87,MATCH
tests/test_analysis_orchestration.py,MATCH,f74c864af21e2fea5a39296ee3f22055df7b4ad450735f299ac7a58e6442ed3e,f74c864af21e2fea5a39296ee3f22055df7b4ad450735f299ac7a58e6442ed3e,f74c864af21e2fea5a39296ee3f22055df7b4ad450735f299ac7a58e6442ed3e,MATCH
tests/test_analysis_planning.py,MATCH,f51338a705621355a5fc6281f4c0d1dba84afbdd804554d951d82054d271abd8,f51338a705621355a5fc6281f4c0d1dba84afbdd804554d951d82054d271abd8,f51338a705621355a5fc6281f4c0d1dba84afbdd804554d951d82054d271abd8,MATCH
tests/test_analysis_profile_and_charts.py,MATCH,f6de477d3748b17b4b6b3c07f01a5b5b395e632dd928187831d6bc8be930adc3,f6de477d3748b17b4b6b3c07f01a5b5b395e632dd928187831d6bc8be930adc3,f6de477d3748b17b4b6b3c07f01a5b5b395e632dd928187831d6bc8be930adc3,MATCH
tests/test_analysis_runtime.py,MATCH,2cf97f42fa3f1e0cdbff2cf2488fb21782f41d8423f4152c4bf13f37300bff9d,2cf97f42fa3f1e0cdbff2cf2488fb21782f41d8423f4152c4bf13f37300bff9d,2cf97f42fa3f1e0cdbff2cf2488fb21782f41d8423f4152c4bf13f37300bff9d,MATCH
tests/test_analysis_synthesis.py,MATCH,63604b18f706ad59f260a702a1aefde141df32510f0dbfa2178ce89bf5127824,63604b18f706ad59f260a702a1aefde141df32510f0dbfa2178ce89bf5127824,63604b18f706ad59f260a702a1aefde141df32510f0dbfa2178ce89bf5127824,MATCH
tests/test_api.py,MATCH,b0fb64ea528beb24ab4f555f88ca335cb111cedd914a61d646ee538eb64a7545,b0fb64ea528beb24ab4f555f88ca335cb111cedd914a61d646ee538eb64a7545,b0fb64ea528beb24ab4f555f88ca335cb111cedd914a61d646ee538eb64a7545,MATCH
tests/test_business_question_collector.py,MATCH,b22c0daa1c9fb46ae041f721d8ab97e3b7a4760039850fa7da2ce313bd183929,b22c0daa1c9fb46ae041f721d8ab97e3b7a4760039850fa7da2ce313bd183929,b22c0daa1c9fb46ae041f721d8ab97e3b7a4760039850fa7da2ce313bd183929,MATCH
tests/test_chat_request_validation.py,MATCH,246961a537884e7c271853b7674ad6594d8e125450ad811a3a200935feee33d8,246961a537884e7c271853b7674ad6594d8e125450ad811a3a200935feee33d8,246961a537884e7c271853b7674ad6594d8e125450ad811a3a200935feee33d8,MATCH
tests/test_chat_responder.py,MATCH,3c7c6ebb5d76ed9f86d5a721494d812ade1d6a6969aa65b45c26c5b7a656e88e,3c7c6ebb5d76ed9f86d5a721494d812ade1d6a6969aa65b45c26c5b7a656e88e,3c7c6ebb5d76ed9f86d5a721494d812ade1d6a6969aa65b45c26c5b7a656e88e,MATCH
tests/test_clarification_flow.py,MATCH,14e5bd2220a8c6321b61366557ca3e60e769e62de8bdb9cb74880a8135e6d490,14e5bd2220a8c6321b61366557ca3e60e769e62de8bdb9cb74880a8135e6d490,14e5bd2220a8c6321b61366557ca3e60e769e62de8bdb9cb74880a8135e6d490,MATCH
tests/test_clarification_quality.py,MATCH,92c8f4f8d0c214f72b6a8772e3190e00de243d9e8e8da04849b4ed9037f64904,92c8f4f8d0c214f72b6a8772e3190e00de243d9e8e8da04849b4ed9037f64904,92c8f4f8d0c214f72b6a8772e3190e00de243d9e8e8da04849b4ed9037f64904,MATCH
tests/test_composable_analysis_operators.py,MATCH,c86e8021249f1791ae69fdf39c2248207f18ac2ef4d9d52a3e18ec071b8f5840,c86e8021249f1791ae69fdf39c2248207f18ac2ef4d9d52a3e18ec071b8f5840,c86e8021249f1791ae69fdf39c2248207f18ac2ef4d9d52a3e18ec071b8f5840,MATCH
tests/test_context_builder.py,MATCH,9a7e6c1ea460eaf554bbaa12b6d6e75c8daa25304d1b3b16ccf16646d75f107b,9a7e6c1ea460eaf554bbaa12b6d6e75c8daa25304d1b3b16ccf16646d75f107b,9a7e6c1ea460eaf554bbaa12b6d6e75c8daa25304d1b3b16ccf16646d75f107b,MATCH
tests/test_context_compaction.py,MATCH,a6dbf77e1939d436345718a204ca78954af030f9b94ec3cad8ee2215ec6fbf50,a6dbf77e1939d436345718a204ca78954af030f9b94ec3cad8ee2215ec6fbf50,a6dbf77e1939d436345718a204ca78954af030f9b94ec3cad8ee2215ec6fbf50,MATCH
tests/test_contracts.py,MATCH,9fb53e76c4abd4b7494251dfb13bd6f7946948fb4526f705445128d595456392,9fb53e76c4abd4b7494251dfb13bd6f7946948fb4526f705445128d595456392,9fb53e76c4abd4b7494251dfb13bd6f7946948fb4526f705445128d595456392,MATCH
tests/test_conversation_result_followup.py,MATCH,fe3298b21d9e540cefefe145c3605b31c5e269ca2e4e4ea87e6ebf20e0eb8ac6,fe3298b21d9e540cefefe145c3605b31c5e269ca2e4e4ea87e6ebf20e0eb8ac6,fe3298b21d9e540cefefe145c3605b31c5e269ca2e4e4ea87e6ebf20e0eb8ac6,MATCH
tests/test_database_load_tool.py,MATCH,7ebdf14be73c64387c32b9a59b0138d3a4d3fbe8dd41ec9973f6bdee168e7af4,7ebdf14be73c64387c32b9a59b0138d3a4d3fbe8dd41ec9973f6bdee168e7af4,7ebdf14be73c64387c32b9a59b0138d3a4d3fbe8dd41ec9973f6bdee168e7af4,MATCH
tests/test_dataset_contract.py,MATCH,27890c7721468d973b6cdde9be2584abe1d66a568f0f74ccc99bc33a816d3809,27890c7721468d973b6cdde9be2584abe1d66a568f0f74ccc99bc33a816d3809,27890c7721468d973b6cdde9be2584abe1d66a568f0f74ccc99bc33a816d3809,MATCH
tests/test_dataset_storage_routing.py,MATCH,4d29f4df75fe22af47dc6477a222ba588f1853a69bdf4f426b89942d6d5b57cb,4d29f4df75fe22af47dc6477a222ba588f1853a69bdf4f426b89942d6d5b57cb,4d29f4df75fe22af47dc6477a222ba588f1853a69bdf4f426b89942d6d5b57cb,MATCH
tests/test_dependency_errors.py,MATCH,d8a6bf58bccdf8b850339f5348a1814b2b624bf72e4abbb8d65ab31f76a6d002,d8a6bf58bccdf8b850339f5348a1814b2b624bf72e4abbb8d65ab31f76a6d002,d8a6bf58bccdf8b850339f5348a1814b2b624bf72e4abbb8d65ab31f76a6d002,MATCH
tests/test_dialogue_resolution.py,MATCH,1e9a0876a23d55720b439dddcd9da333428295d2ce4ac16273270215f6fef0f2,1e9a0876a23d55720b439dddcd9da333428295d2ce4ac16273270215f6fef0f2,1e9a0876a23d55720b439dddcd9da333428295d2ce4ac16273270215f6fef0f2,MATCH
tests/test_dynamic_skill_loader.py,MATCH,8894d9ff3af7a3a73ad02c5125a50c3d77eb796467c6ec76a2ef0ef2f7c84ead,8894d9ff3af7a3a73ad02c5125a50c3d77eb796467c6ec76a2ef0ef2f7c84ead,8894d9ff3af7a3a73ad02c5125a50c3d77eb796467c6ec76a2ef0ef2f7c84ead,MATCH
tests/test_entity_extraction.py,MATCH,bc413a9b2d682103f9b164a30d177effb238b2d71964cacafc8129cb5da6e0f3,bc413a9b2d682103f9b164a30d177effb238b2d71964cacafc8129cb5da6e0f3,bc413a9b2d682103f9b164a30d177effb238b2d71964cacafc8129cb5da6e0f3,MATCH
tests/test_extension_dispatcher.py,MATCH,fa50ab7effe6b095dfbcb79c0e30ad29cb2bfabceff2f3531e70a5d6752017b1,fa50ab7effe6b095dfbcb79c0e30ad29cb2bfabceff2f3531e70a5d6752017b1,fa50ab7effe6b095dfbcb79c0e30ad29cb2bfabceff2f3531e70a5d6752017b1,MATCH
tests/test_external_search_routing.py,MATCH,f90b7fe127177479a74cbea5d99893f26b68bd8f3a7f858ecd2840c4dec8d87a,f90b7fe127177479a74cbea5d99893f26b68bd8f3a7f858ecd2840c4dec8d87a,f90b7fe127177479a74cbea5d99893f26b68bd8f3a7f858ecd2840c4dec8d87a,MATCH
tests/test_file_ingestion.py,MATCH,8eeec4780f239c3b0c61de8f0a28e5f34367f89a66dc59b427dcdf3231a93e24,8eeec4780f239c3b0c61de8f0a28e5f34367f89a66dc59b427dcdf3231a93e24,8eeec4780f239c3b0c61de8f0a28e5f34367f89a66dc59b427dcdf3231a93e24,MATCH
tests/test_forecast_model_selection.py,MATCH,772c16494e362249730b3dffea4364647367fd633cba4e5a7d35c8fe338fcc0e,772c16494e362249730b3dffea4364647367fd633cba4e5a7d35c8fe338fcc0e,772c16494e362249730b3dffea4364647367fd633cba4e5a7d35c8fe338fcc0e,MATCH
tests/test_forecast_readiness.py,MATCH,63c5bc6ffcfeb6e3a8a4071ea3d90240f8a3d457c05f8c7914a9e9d91b149171,63c5bc6ffcfeb6e3a8a4071ea3d90240f8a3d457c05f8c7914a9e9d91b149171,63c5bc6ffcfeb6e3a8a4071ea3d90240f8a3d457c05f8c7914a9e9d91b149171,MATCH
tests/test_handshake.py,MATCH,b26531d5ddfb56a88b9a4d58007a5ebc3156502b8c1feb8236a1ccb9b46d009f,b26531d5ddfb56a88b9a4d58007a5ebc3156502b8c1feb8236a1ccb9b46d009f,b26531d5ddfb56a88b9a4d58007a5ebc3156502b8c1feb8236a1ccb9b46d009f,MATCH
tests/test_history_compaction.py,MATCH,a4fdc07a1ed726e5d5c21f88fa04a5c2f84e667441dce519d7d38bf84520d546,a4fdc07a1ed726e5d5c21f88fa04a5c2f84e667441dce519d7d38bf84520d546,a4fdc07a1ed726e5d5c21f88fa04a5c2f84e667441dce519d7d38bf84520d546,MATCH
tests/test_http_adapters.py,MATCH,cc4ce179a8b6533a083e83f1e37b1d47332e0bf5be926d105b78be67eeb0be10,cc4ce179a8b6533a083e83f1e37b1d47332e0bf5be926d105b78be67eeb0be10,cc4ce179a8b6533a083e83f1e37b1d47332e0bf5be926d105b78be67eeb0be10,MATCH
tests/test_idempotency_conflict.py,MATCH,65d7baea14fc59a6eb19dc8295ad822f07d68d2759ca68f0073520b159c6887b,65d7baea14fc59a6eb19dc8295ad822f07d68d2759ca68f0073520b159c6887b,65d7baea14fc59a6eb19dc8295ad822f07d68d2759ca68f0073520b159c6887b,MATCH
tests/test_insight_discovery.py,MATCH,564e0156976b9297f0328c89626c172619821648889588d33157164a1ac88e9a,564e0156976b9297f0328c89626c172619821648889588d33157164a1ac88e9a,564e0156976b9297f0328c89626c172619821648889588d33157164a1ac88e9a,MATCH
tests/test_insight_interpretation.py,MATCH,0028d614c729a662f43df1f170ba746278b81685972e966ca4d3e059534f330c,0028d614c729a662f43df1f170ba746278b81685972e966ca4d3e059534f330c,0028d614c729a662f43df1f170ba746278b81685972e966ca4d3e059534f330c,MATCH
tests/test_intent.py,MATCH,fdaa00555ba142545bc3776c44e3dd6c2e554b7f8d0d14da31ea94e94bb2de67,fdaa00555ba142545bc3776c44e3dd6c2e554b7f8d0d14da31ea94e94bb2de67,fdaa00555ba142545bc3776c44e3dd6c2e554b7f8d0d14da31ea94e94bb2de67,MATCH
tests/test_intent_adversarial_scenarios.py,MATCH,bf6020158313ea57a87b502b19d76231ac0cb2cb31dbe619cebb258befe90601,bf6020158313ea57a87b502b19d76231ac0cb2cb31dbe619cebb258befe90601,bf6020158313ea57a87b502b19d76231ac0cb2cb31dbe619cebb258befe90601,MATCH
tests/test_intent_asl_contract_matrix.py,MATCH,1f0b07612053861cc305cfe3947eca07385c4da5a6312a23f82a9f25b7f214c8,1f0b07612053861cc305cfe3947eca07385c4da5a6312a23f82a9f25b7f214c8,1f0b07612053861cc305cfe3947eca07385c4da5a6312a23f82a9f25b7f214c8,MATCH
tests/test_intent_realistic_100.py,MATCH,366ea09d1b0c7af6c06570b516468a48513a8362b1458058f6dbb9d74ce08bab,366ea09d1b0c7af6c06570b516468a48513a8362b1458058f6dbb9d74ce08bab,366ea09d1b0c7af6c06570b516468a48513a8362b1458058f6dbb9d74ce08bab,MATCH
tests/test_intent_recognition_display.py,MATCH,cb70c70e25d7b076d77f6d12cef8b8458255e2d904c8c8f334283e74a0c648b9,cb70c70e25d7b076d77f6d12cef8b8458255e2d904c8c8f334283e74a0c648b9,cb70c70e25d7b076d77f6d12cef8b8458255e2d904c8c8f334283e74a0c648b9,MATCH
tests/test_knowledge_base_tool.py,MATCH,4464a8233a4bb97c894557bda34d23294f434c43526d8a1ee013340030e34972,4464a8233a4bb97c894557bda34d23294f434c43526d8a1ee013340030e34972,4464a8233a4bb97c894557bda34d23294f434c43526d8a1ee013340030e34972,MATCH
tests/test_knowledge_retrieval.py,MATCH,cf022c49aa11c3cb79863bd4bfa77b84ae3d6b793d55126540721ecbfaa57270,cf022c49aa11c3cb79863bd4bfa77b84ae3d6b793d55126540721ecbfaa57270,cf022c49aa11c3cb79863bd4bfa77b84ae3d6b793d55126540721ecbfaa57270,MATCH
tests/test_langfuse_instrumentation.py,MATCH,e4c92b74dda569192d26117589c298fbb3ea7ba95beecc953891eb249e53d1db,e4c92b74dda569192d26117589c298fbb3ea7ba95beecc953891eb249e53d1db,e4c92b74dda569192d26117589c298fbb3ea7ba95beecc953891eb249e53d1db,MATCH
tests/test_long_memory_store.py,MATCH,c394d823d7a8453aab24f50b3a609f01d63d362eb2a5c1ce26cd832d32f4032e,c394d823d7a8453aab24f50b3a609f01d63d362eb2a5c1ce26cd832d32f4032e,c394d823d7a8453aab24f50b3a609f01d63d362eb2a5c1ce26cd832d32f4032e,MATCH
tests/test_medical_scenario_eval_runner.py,MATCH,0c115c19d44e85e6df2cce44c9906d652a1c280de8f27cfc0f6bb1d72de05bab,0c115c19d44e85e6df2cce44c9906d652a1c280de8f27cfc0f6bb1d72de05bab,0c115c19d44e85e6df2cce44c9906d652a1c280de8f27cfc0f6bb1d72de05bab,MATCH
tests/test_memory_boundaries.py,MATCH,9490e97706eb93e8b7629b3d3d0a1d9ad6cc6129b847341378b00c774bce3737,9490e97706eb93e8b7629b3d3d0a1d9ad6cc6129b847341378b00c774bce3737,9490e97706eb93e8b7629b3d3d0a1d9ad6cc6129b847341378b00c774bce3737,MATCH
tests/test_memory_manager.py,MATCH,0a0c9a3c3f38f2f3a287aa07d459b6291af9c7dde09f2bc2894b4c22c5948e99,0a0c9a3c3f38f2f3a287aa07d459b6291af9c7dde09f2bc2894b4c22c5948e99,0a0c9a3c3f38f2f3a287aa07d459b6291af9c7dde09f2bc2894b4c22c5948e99,MATCH
tests/test_minio_followup_store.py,MATCH,6a1198aaa80a4f87bdb701b20995b657ed9171d12871db0094b96a5dd967ff12,6a1198aaa80a4f87bdb701b20995b657ed9171d12871db0094b96a5dd967ff12,6a1198aaa80a4f87bdb701b20995b657ed9171d12871db0094b96a5dd967ff12,MATCH
tests/test_multidimensional_attribution.py,MATCH,9f35e5bd961e5c3e660dcee29110f7f3b20a4e850a4526b8ec5f18ea058b3a5e,9f35e5bd961e5c3e660dcee29110f7f3b20a4e850a4526b8ec5f18ea058b3a5e,9f35e5bd961e5c3e660dcee29110f7f3b20a4e850a4526b8ec5f18ea058b3a5e,MATCH
tests/test_node_architecture.py,MATCH,84f07f900cf17d1c6709866f9f425bbba5cf7cf14aa6e903ed307a7b04f54db5,84f07f900cf17d1c6709866f9f425bbba5cf7cf14aa6e903ed307a7b04f54db5,84f07f900cf17d1c6709866f9f425bbba5cf7cf14aa6e903ed307a7b04f54db5,MATCH
tests/test_openapi_contract.py,MATCH,628b657a1b3de3dfcfddee91cf2788254121cff3a5d828fb0c329489354a65e3,628b657a1b3de3dfcfddee91cf2788254121cff3a5d828fb0c329489354a65e3,628b657a1b3de3dfcfddee91cf2788254121cff3a5d828fb0c329489354a65e3,MATCH
tests/test_orchestrator.py,MATCH,bda2fb25c4f0170dc26821bff78db652be57dbfb2aacd3f3b1a7136a1ce30608,bda2fb25c4f0170dc26821bff78db652be57dbfb2aacd3f3b1a7136a1ce30608,bda2fb25c4f0170dc26821bff78db652be57dbfb2aacd3f3b1a7136a1ce30608,MATCH
tests/test_pending_execution_transition.py,MATCH,3a3db0e89fb17eb9fedafc0ca7fc14a7ebfee36c24f2810c5af69b69d5e18c30,3a3db0e89fb17eb9fedafc0ca7fc14a7ebfee36c24f2810c5af69b69d5e18c30,3a3db0e89fb17eb9fedafc0ca7fc14a7ebfee36c24f2810c5af69b69d5e18c30,MATCH
tests/test_phase25_1_contracts.py,MATCH,e9d0210d111bb01712aac6485eeede560089bdd3730987e676b1bfd80f2dba2f,e9d0210d111bb01712aac6485eeede560089bdd3730987e676b1bfd80f2dba2f,e9d0210d111bb01712aac6485eeede560089bdd3730987e676b1bfd80f2dba2f,
tests/test_phase25_1_scenarios.py,MATCH,f372a76666762e31ab46fa6a5893de40bfd8436a95d4c488b97c7f63e98b3147,f372a76666762e31ab46fa6a5893de40bfd8436a95d4c488b97c7f63e98b3147,f372a76666762e31ab46fa6a5893de40bfd8436a95d4c488b97c7f63e98b3147,
tests/test_phase25_tools.py,MATCH,5305326a2e8b246d5fbc949c9a60e55b49fae0045968294cf96be31ece9b0b6e,5305326a2e8b246d5fbc949c9a60e55b49fae0045968294cf96be31ece9b0b6e,5305326a2e8b246d5fbc949c9a60e55b49fae0045968294cf96be31ece9b0b6e,MATCH
tests/test_question_rewriter.py,MATCH,88ab4eb1f10377bf3a1ad38fbc4b08386c79cb658a98b56853eb1cfd699300c3,88ab4eb1f10377bf3a1ad38fbc4b08386c79cb658a98b56853eb1cfd699300c3,88ab4eb1f10377bf3a1ad38fbc4b08386c79cb658a98b56853eb1cfd699300c3,MATCH
tests/test_redis_session.py,MATCH,d55f7cf481facdbf3017c77cf0d97533aed37ae363b568e8b14a82012ad0b521,d55f7cf481facdbf3017c77cf0d97533aed37ae363b568e8b14a82012ad0b521,d55f7cf481facdbf3017c77cf0d97533aed37ae363b568e8b14a82012ad0b521,MATCH
tests/test_report_export.py,MATCH,038ba96429159c609a84cbc229541b37b45fc14858e3077b882575a4c7d02d31,038ba96429159c609a84cbc229541b37b45fc14858e3077b882575a4c7d02d31,038ba96429159c609a84cbc229541b37b45fc14858e3077b882575a4c7d02d31,MATCH
tests/test_result_validator.py,MATCH,6cbfb3fa64372762f6c91456e631b5019362c6fa16be35923346c824f2005310,6cbfb3fa64372762f6c91456e631b5019362c6fa16be35923346c824f2005310,6cbfb3fa64372762f6c91456e631b5019362c6fa16be35923346c824f2005310,MATCH
tests/test_runtime_regressions.py,MATCH,49f35c3ac5d29c9a1dd47cc070a1743b7dd351c2e96e00434b3f15df8b681d73,49f35c3ac5d29c9a1dd47cc070a1743b7dd351c2e96e00434b3f15df8b681d73,49f35c3ac5d29c9a1dd47cc070a1743b7dd351c2e96e00434b3f15df8b681d73,MATCH
tests/test_semantic_clarification_session_recovery.py,MATCH,84b56b3b0117480a2fdb71dffe9ef2ba1eefc3f97dce439eae9ac2cdc5e92ad0,84b56b3b0117480a2fdb71dffe9ef2ba1eefc3f97dce439eae9ac2cdc5e92ad0,84b56b3b0117480a2fdb71dffe9ef2ba1eefc3f97dce439eae9ac2cdc5e92ad0,MATCH
tests/test_semantic_context_contract.py,MATCH,9d2d91af3ac95c6b604a7b6c951d6e108e4eff427da022094c3a8d66a2efe97e,9d2d91af3ac95c6b604a7b6c951d6e108e4eff427da022094c3a8d66a2efe97e,9d2d91af3ac95c6b604a7b6c951d6e108e4eff427da022094c3a8d66a2efe97e,MATCH
tests/test_semantic_query_tool.py,MATCH,9d11f5b641e0b103e0711c516c014664c58419a78fef27b9ac0de62ba7a57c5f,9d11f5b641e0b103e0711c516c014664c58419a78fef27b9ac0de62ba7a57c5f,9d11f5b641e0b103e0711c516c014664c58419a78fef27b9ac0de62ba7a57c5f,MATCH
tests/test_semantic_v2_contracts.py,MATCH,51dabf8706252794401a7417ec056ab0d6301ad510fc09371e0181a4ff42f13d,51dabf8706252794401a7417ec056ab0d6301ad510fc09371e0181a4ff42f13d,51dabf8706252794401a7417ec056ab0d6301ad510fc09371e0181a4ff42f13d,MATCH
tests/test_session_event_log.py,MATCH,ec58cca1f25a97bd7dc47865549d253313aa00aa34b984747ba8a05c9d4df713,ec58cca1f25a97bd7dc47865549d253313aa00aa34b984747ba8a05c9d4df713,ec58cca1f25a97bd7dc47865549d253313aa00aa34b984747ba8a05c9d4df713,MATCH
tests/test_session_store.py,MATCH,61a5032e73d4ab9b15cb7ebc808bb2ed517d238e33e2ef5fb07475a80fc22902,61a5032e73d4ab9b15cb7ebc808bb2ed517d238e33e2ef5fb07475a80fc22902,61a5032e73d4ab9b15cb7ebc808bb2ed517d238e33e2ef5fb07475a80fc22902,MATCH
tests/test_source_watermark_orchestration.py,MATCH,d837b9292c22c360cf0eb8c9e8dd2b26cdd002d994d4648eb4b52d2529eee863,d837b9292c22c360cf0eb8c9e8dd2b26cdd002d994d4648eb4b52d2529eee863,d837b9292c22c360cf0eb8c9e8dd2b26cdd002d994d4648eb4b52d2529eee863,MATCH
tests/test_structured_intent.py,MATCH,3012c78734cb6d250a4763ac842c2b0eedfed02db62b52aec9fe82fee6a44080,3012c78734cb6d250a4763ac842c2b0eedfed02db62b52aec9fe82fee6a44080,3012c78734cb6d250a4763ac842c2b0eedfed02db62b52aec9fe82fee6a44080,MATCH
tests/test_supplier_department_ranking.py,MATCH,2e4ad5a4982650e4fadb31bdfe12a87dde30bc3984506e80a36343d3ed86ffca,2e4ad5a4982650e4fadb31bdfe12a87dde30bc3984506e80a36343d3ed86ffca,2e4ad5a4982650e4fadb31bdfe12a87dde30bc3984506e80a36343d3ed86ffca,MATCH
tests/test_task_dag.py,MATCH,1a7d08d2a1814de7635b302c49eed693e12d19664c81a9db22d960ad07deba1c,1a7d08d2a1814de7635b302c49eed693e12d19664c81a9db22d960ad07deba1c,1a7d08d2a1814de7635b302c49eed693e12d19664c81a9db22d960ad07deba1c,MATCH
tests/test_temporal_edge_cases.py,MATCH,fa9b71b4987036d01c47fc2a94223732a3d8275afe865dadd89c8b6cadbf8376,fa9b71b4987036d01c47fc2a94223732a3d8275afe865dadd89c8b6cadbf8376,fa9b71b4987036d01c47fc2a94223732a3d8275afe865dadd89c8b6cadbf8376,MATCH
tests/test_temporal_parser.py,MATCH,e171eb8e173de0e41aa9bb19392091f8fd2e43e0c5555dfe80bf6e964a74dba9,e171eb8e173de0e41aa9bb19392091f8fd2e43e0c5555dfe80bf6e964a74dba9,e171eb8e173de0e41aa9bb19392091f8fd2e43e0c5555dfe80bf6e964a74dba9,MATCH
tests/test_tool_runtime.py,MATCH,f180b32bb5d8e9591bb668d0bceb26a083ed8606c556f91ab2a19ae664b37e07,f180b32bb5d8e9591bb668d0bceb26a083ed8606c556f91ab2a19ae664b37e07,f180b32bb5d8e9591bb668d0bceb26a083ed8606c556f91ab2a19ae664b37e07,MATCH
tests/test_tracing_evaluation.py,MATCH,2a1c7e9e86e05ab6896fc4a39c8c0bf6f76a34f19f9b7aa885b5285c8271a25c,2a1c7e9e86e05ab6896fc4a39c8c0bf6f76a34f19f9b7aa885b5285c8271a25c,2a1c7e9e86e05ab6896fc4a39c8c0bf6f76a34f19f9b7aa885b5285c8271a25c,MATCH
tests/test_turn_admission.py,MATCH,e9ecf9f2774adcdc14f691970ddee2c93014d553e351e7b25b31e762434f0560,e9ecf9f2774adcdc14f691970ddee2c93014d553e351e7b25b31e762434f0560,e9ecf9f2774adcdc14f691970ddee2c93014d553e351e7b25b31e762434f0560,MATCH
tests/test_validated_query_recall.py,MATCH,e597c0500c3868dfb471ad808ff09c5dc1b371131e42b29500cecc64ccce769d,e597c0500c3868dfb471ad808ff09c5dc1b371131e42b29500cecc64ccce769d,e597c0500c3868dfb471ad808ff09c5dc1b371131e42b29500cecc64ccce769d,MATCH
tests/test_workflow.py,MATCH,06306b6cc742e852582b14188bab58b040de061010ba7c4586ad806a5a50269d,06306b6cc742e852582b14188bab58b040de061010ba7c4586ad806a5a50269d,06306b6cc742e852582b14188bab58b040de061010ba7c4586ad806a5a50269d,MATCH
tests/test_working_memory.py,MATCH,824a121c7c5939186141a177d144fc60f69ca7a0d3a5ea74eafcc8fb6a6d3f6d,824a121c7c5939186141a177d144fc60f69ca7a0d3a5ea74eafcc8fb6a6d3f6d,824a121c7c5939186141a177d144fc60f69ca7a0d3a5ea74eafcc8fb6a6d3f6d,MATCH
tools/audit/phase2_materialize.py,MATCH,211efb322183226c8bfd3d18670839eba516fa4b16c137fd74416782a5399172,211efb322183226c8bfd3d18670839eba516fa4b16c137fd74416782a5399172,211efb322183226c8bfd3d18670839eba516fa4b16c137fd74416782a5399172,MATCH
tools/phase25/catalog_lint.py,MATCH,c8ab07fad9f20832a1f9f3b6c5a46d46d1ca1a0da2e2870ba50df22de76d6326,c8ab07fad9f20832a1f9f3b6c5a46d46d1ca1a0da2e2870ba50df22de76d6326,c8ab07fad9f20832a1f9f3b6c5a46d46d1ca1a0da2e2870ba50df22de76d6326,MATCH
tools/phase25/materialize_phase25.py,MATCH,207541825f7b45419490c0b66f16ea921b18bac2564a6e7fb2c1237cec58cbe1,207541825f7b45419490c0b66f16ea921b18bac2564a6e7fb2c1237cec58cbe1,207541825f7b45419490c0b66f16ea921b18bac2564a6e7fb2c1237cec58cbe1,MATCH
tools/phase25/run_semantic_v2_shadow.py,MATCH,85e1b38047e72545a5b4d6caadf849c06bc0366280628490ca19f285d309b9da,85e1b38047e72545a5b4d6caadf849c06bc0366280628490ca19f285d309b9da,85e1b38047e72545a5b4d6caadf849c06bc0366280628490ca19f285d309b9da,MATCH
tools/phase25_1/audit_workspace.py,MATCH,897185b858130a196ad961160ba98cf0e9737458d56026962f990b0806b5992d,897185b858130a196ad961160ba98cf0e9737458d56026962f990b0806b5992d,897185b858130a196ad961160ba98cf0e9737458d56026962f990b0806b5992d,
tools/phase25_1/closure_audit.py,MATCH,c83a8e43d78473718674e87c7dbffe069e4bec463394c2c136ce0df4ff1ef522,c83a8e43d78473718674e87c7dbffe069e4bec463394c2c136ce0df4ff1ef522,c83a8e43d78473718674e87c7dbffe069e4bec463394c2c136ce0df4ff1ef522,
tools/phase25_1/fixtures.py,MATCH,aa214965a4b5d1658dca8dd54506e4539023eabf97d6274be5d900aa825d3ebb,aa214965a4b5d1658dca8dd54506e4539023eabf97d6274be5d900aa825d3ebb,aa214965a4b5d1658dca8dd54506e4539023eabf97d6274be5d900aa825d3ebb,
tools/phase25_1/materialize.py,MATCH,18e2cfe095fe6a311cf211341865ae804ef0369bdcf80d7f2560fb046f17dcdb,18e2cfe095fe6a311cf211341865ae804ef0369bdcf80d7f2560fb046f17dcdb,18e2cfe095fe6a311cf211341865ae804ef0369bdcf80d7f2560fb046f17dcdb,
tools/phase25_1/run_gate.py,MATCH,77ec9e81ed867c161983baba36498887ccd80c81b5c9514b9d82ed3623bbfe1c,77ec9e81ed867c161983baba36498887ccd80c81b5c9514b9d82ed3623bbfe1c,77ec9e81ed867c161983baba36498887ccd80c81b5c9514b9d82ed3623bbfe1c,
tools/phase25_1/scenarios.py,MATCH,b89a7ac1b93a1454cc3b5c5e2666479640264fdab263450a923cf01bb3664177,b89a7ac1b93a1454cc3b5c5e2666479640264fdab263450a923cf01bb3664177,b89a7ac1b93a1454cc3b5c5e2666479640264fdab263450a923cf01bb3664177,
tools/phase25_1/sync_batch.py,MATCH,4e6084cf5d4da63c857d6a5086bd3a8f0100757aaf4c9dac463c6ab62f24d437,4e6084cf5d4da63c857d6a5086bd3a8f0100757aaf4c9dac463c6ab62f24d437,4e6084cf5d4da63c857d6a5086bd3a8f0100757aaf4c9dac463c6ab62f24d437,
实际业务问题.md,WORKSPACE_ONLY_DIFFERENCE,cb8d814325607ae74c72c23df5aaee7b5f32f7f5be94eeb0093b755bbc3419b0,14498644bc77235c048db4d03a22bb288ac7ba02a593ed8abd37522236a36aef,14498644bc77235c048db4d03a22bb288ac7ba02a593ed8abd37522236a36aef,WORKSPACE_ONLY_DIFFERENCE
当前数据智能体Semantic与ContextLayer架构分析.md,MATCH,65dde6ef7fda80769c312acc0189b2649e24930949e49b1be1984a075e237860,65dde6ef7fda80769c312acc0189b2649e24930949e49b1be1984a075e237860,65dde6ef7fda80769c312acc0189b2649e24930949e49b1be1984a075e237860,MATCH
当前数据智能体功能清单.md,MATCH,d297c6842a0d9c274eccaf175c6a39692dd670cef39b8f88e627ae9b2f8c9304,d297c6842a0d9c274eccaf175c6a39692dd670cef39b8f88e627ae9b2f8c9304,d297c6842a0d9c274eccaf175c6a39692dd670cef39b8f88e627ae9b2f8c9304,MATCH
当前数据智能体架构分析.md,MATCH,deea8eaa37d4a530f39359c258841a88db5d18df947a6a3f9bfdac955d0daac2,deea8eaa37d4a530f39359c258841a88db5d18df947a6a3f9bfdac955d0daac2,deea8eaa37d4a530f39359c258841a88db5d18df947a6a3f9bfdac955d0daac2,MATCH
数据智能体24个主要节点详细说明.md,MATCH,06771f39ac68d227734069c4ef8c8eb061f36eb435115d8265bb252cb49be707,06771f39ac68d227734069c4ef8c8eb061f36eb435115d8265bb252cb49be707,06771f39ac68d227734069c4ef8c8eb061f36eb435115d8265bb252cb49be707,MATCH
数据智能体60题全链路测试文档.md,MATCH,4740e4c8a55942852f52908908c7d8f79c9f0f8aaea9349c88d773c4f4695936,4740e4c8a55942852f52908908c7d8f79c9f0f8aaea9349c88d773c4f4695936,4740e4c8a55942852f52908908c7d8f79c9f0f8aaea9349c88d773c4f4695936,MATCH
数据智能体流式输出完整响应示例.md,MATCH,157f4ae56195c49d07baedd5a2b640de74714a6f93de330197dbf2ddb5cdb14c,157f4ae56195c49d07baedd5a2b640de74714a6f93de330197dbf2ddb5cdb14c,157f4ae56195c49d07baedd5a2b640de74714a6f93de330197dbf2ddb5cdb14c,MATCH
语义模型81查询测试问题.md,MATCH,79c4485fea2006ecdb4342c1d1389e563f33115bb6f1510f63dd59ea1258d389,79c4485fea2006ecdb4342c1d1389e563f33115bb6f1510f63dd59ea1258d389,79c4485fea2006ecdb4342c1d1389e563f33115bb6f1510f63dd59ea1258d389,MATCH
调用规则讲解.md,MATCH,7100eda9dea555e03e3c874d1cd5a352e06c7e47d9cf6794f69e2cb99a564dd1,7100eda9dea555e03e3c874d1cd5a352e06c7e47d9cf6794f69e2cb99a564dd1,7100eda9dea555e03e3c874d1cd5a352e06c7e47d9cf6794f69e2cb99a564dd1,MATCH
