failure_id,source,test_nodeids,historical_case_ids,conversation_history,current_utterance,expected_behavior,actual_behavior,affected_business_capability,repeatability,first_divergence_stage,root_cause_class,severity,owning_service,evidence,status,failure_signature,signature_id
pytest-01,"[""CURRENT_PYTEST""]","[""tests/test_clarification_flow.py::test_clarification_echoes_normalized_date_and_only_asks_for_metric""]",[],,,Exact assertion and fixture in test_nodeids,"E       AssertionError: assert {'allow_free_...ons': [], ...} == {'allow_free_...分析哪个指标？', ...}
E
E         Omitting 6 identical items, use -vv to show
E         Left contains 1 more item:
E         {'option_details': []}
E         Use -v to get more diff",response,DETERMINISTIC,RESULT_VALIDATION,STALE_TEST,P2,DataAnalysis_Agent,"[""docs/phase0b/independent_runs/failure-01-run-1.json"", ""docs/phase0b/independent_runs/failure-01-run-2.json"", ""app/domain/models.py:ClarificationItem""]",OPEN,RESULT_VALIDATION|LEGACY|QUERY|response|additive_option_details,e0cdcf00ba447bfb
pytest-02,"[""CURRENT_PYTEST""]","[""tests/test_clarification_flow.py::test_natural_date_reply_completes_the_existing_metric_request""]",[],,,Exact assertion and fixture in test_nodeids,"E       AssertionError: assert [] == ['time_range']
E
E         Right contains one more item: 'time_range'
E         Use -v to get more diff",time_range,DETERMINISTIC,RULE_PARSE,STALE_TEST,P1,DataAnalysis_Agent,"[""docs/phase0b/independent_runs/failure-02-run-1.json"", ""docs/phase0b/independent_runs/failure-02-run-2.json"", ""Current requirement: safe deterministic defaults; tests/test_intent.py default-time/all-time stable regressions; app/intent/classifier.py:_apply_default_time_range""]",OPEN,RULE_PARSE|LEGACY|QUERY|time_range|obsolete_mandatory_period,d00f4c5dac701c0b
pytest-03,"[""CURRENT_PYTEST""]","[""tests/test_clarification_quality.py::test_only_ambiguities_for_actually_missing_slots_are_kept_and_deduplicated""]",[],,,Exact assertion and fixture in test_nodeids,"E       AssertionError: assert [] == ['time_range']
E
E         Right contains one more item: 'time_range'
E         Use -v to get more diff",time_range,DETERMINISTIC,RULE_PARSE,STALE_TEST,P1,DataAnalysis_Agent,"[""docs/phase0b/independent_runs/failure-03-run-1.json"", ""docs/phase0b/independent_runs/failure-03-run-2.json"", ""Current requirement: safe deterministic defaults; tests/test_intent.py default-time/all-time stable regressions; app/intent/classifier.py:_apply_default_time_range""]",OPEN,RULE_PARSE|LEGACY|QUERY|time_range|obsolete_mandatory_period,d00f4c5dac701c0b
pytest-04,"[""CURRENT_PYTEST""]","[""tests/test_clarification_quality.py::test_model_metric_must_be_grounded_in_the_users_words""]",[],,,Exact assertion and fixture in test_nodeids,"E       AssertionError: assert ['metric'] == ['metric', 'time_range']
E
E         Right contains one more item: 'time_range'
E         Use -v to get more diff",time_range,DETERMINISTIC,RULE_PARSE,STALE_TEST,P1,DataAnalysis_Agent,"[""docs/phase0b/independent_runs/failure-04-run-1.json"", ""docs/phase0b/independent_runs/failure-04-run-2.json"", ""Current requirement: safe deterministic defaults; tests/test_intent.py default-time/all-time stable regressions; app/intent/classifier.py:_apply_default_time_range""]",OPEN,RULE_PARSE|LEGACY|QUERY|time_range|obsolete_mandatory_period,d00f4c5dac701c0b
pytest-05,"[""CURRENT_PYTEST""]","[""tests/test_clarification_quality.py::test_negated_dimension_is_replaced_by_explicit_new_dimension""]",[],,,Exact assertion and fixture in test_nodeids,"E       assert '区域' not in '查询指标；指标：销售额...6年7月按区域拆分""}]'
E
E         '区域' is contained here:
E           :""2026年7月按区域拆分""}]
E         ?           ++",filters,DETERMINISTIC,RULE_PARSE,REAL_PRODUCTION_BUG,P0,DataAnalysis_Agent,"[""docs/phase0b/independent_runs/failure-05-run-1.json"", ""docs/phase0b/independent_runs/failure-05-run-2.json"", ""tests/test_clarification_quality.py; app/intent/classifier.py""]",OPEN,RULE_PARSE|LEGACY|QUERY|filters|structural_text_becomes_product_filter,1aa94cab9f22ad20
pytest-06,"[""CURRENT_PYTEST""]","[""tests/test_clarification_quality.py::test_model_cannot_invent_detail_fields_or_entity_not_in_user_text""]",[],,,Exact assertion and fixture in test_nodeids,"E       AssertionError: assert '产品' is None
E        +  where '产品' = CanonicalAnalysisRequest(schema_version='1.0', request_id=UUID('3bc41cee-ecf5-4927-aea4-29ce86f4f990'), conversation_i..._mode='AUTO', confirmed_memory_ids=[], confirmed_preferences=[], dependency_constraints=[], pending_state_version=None).entity",entity,DETERMINISTIC,RULE_PARSE,REAL_PRODUCTION_BUG,P0,DataAnalysis_Agent,"[""docs/phase0b/independent_runs/failure-06-run-1.json"", ""docs/phase0b/independent_runs/failure-06-run-2.json"", ""tests/test_clarification_quality.py; app/intent/classifier.py""]",OPEN,RULE_PARSE|LEGACY|QUERY|entity|structural_text_becomes_product_filter,3526a91dfd341bb4
pytest-07,"[""CURRENT_PYTEST""]","[""tests/test_forecast_readiness.py::test_question_preflight_requests_target_and_history_when_both_missing""]",[],,,Exact assertion and fixture in test_nodeids,"E       AssertionError: assert ['forecast_horizon'] == ['forecast_ho...istory_range']
E
E         Right contains one more item: 'forecast_history_range'
E         Use -v to get more diff",time_range,DETERMINISTIC,RULE_PARSE,STALE_TEST,P1,DataAnalysis_Agent,"[""docs/phase0b/independent_runs/failure-07-run-1.json"", ""docs/phase0b/independent_runs/failure-07-run-2.json"", ""Current requirement: safe deterministic defaults; tests/test_intent.py default-time/all-time stable regressions; app/intent/classifier.py:_apply_default_time_range""]",OPEN,RULE_PARSE|LEGACY|QUERY|time_range|obsolete_mandatory_period,d00f4c5dac701c0b
pytest-08,"[""CURRENT_PYTEST""]","[""tests/test_memory_manager.py::test_orchestrator_records_memory_write_and_recall_events""]",[],,,Exact assertion and fixture in test_nodeids,"E       AssertionError: assert <SessionEventType.MEMORY_WRITE: 'MEMORY_WRITE'> in []
E        +  where <SessionEventType.MEMORY_WRITE: 'MEMORY_WRITE'> = SessionEventType.MEMORY_WRITE",events,DETERMINISTIC,SESSION_STATE,LEGACY_BEHAVIOR_DEBT,P2,DataAnalysis_Agent,"[""docs/phase0b/independent_runs/failure-08-run-1.json"", ""docs/phase0b/independent_runs/failure-08-run-2.json"", ""tests/test_memory_manager.py; app/services/orchestrator.py:_append_session_event""]",OPEN,SESSION_STATE|LEGACY|QUERY|events|events_absent,939d0ab207a12b6a
pytest-09,"[""CURRENT_PYTEST""]","[""tests/test_openapi_contract.py::test_openapi_marks_always_required_trusted_identity_headers""]",[],,,Exact assertion and fixture in test_nodeids,E       KeyError: 'x-tenant-id',identity,DETERMINISTIC,SESSION_STATE,REAL_PRODUCTION_BUG,P0,DataAnalysis_Agent,"[""docs/phase0b/independent_runs/failure-09-run-1.json"", ""docs/phase0b/independent_runs/failure-09-run-2.json"", ""app/api.py:trusted_identity; user section 32: register separately, do not refactor""]",SECURITY_P0_OWNER_BLOCKER,SESSION_STATE|LEGACY|QUERY|identity|fixed_trusted_identity,71d835e2026546bb
pytest-10,"[""CURRENT_PYTEST""]","[""tests/test_openapi_contract.py::test_openapi_marks_application_header_required_in_production""]",[],,,Exact assertion and fixture in test_nodeids,E       StopIteration,identity,DETERMINISTIC,SESSION_STATE,REAL_PRODUCTION_BUG,P0,DataAnalysis_Agent,"[""docs/phase0b/independent_runs/failure-10-run-1.json"", ""docs/phase0b/independent_runs/failure-10-run-2.json"", ""app/api.py:trusted_identity; user section 32""]",SECURITY_P0_OWNER_BLOCKER,SESSION_STATE|LEGACY|QUERY|identity|fixed_trusted_identity,71d835e2026546bb
pytest-11,"[""CURRENT_PYTEST""]","[""tests/test_pending_execution_transition.py::test_closed_form_pending_reply_skips_async_intent_model_path""]",[],,,Exact assertion and fixture in test_nodeids,"E       AssertionError: assert 'COMPLETED' == 'NEEDS_CLARIFICATION'
E
E         - NEEDS_CLARIFICATION
E         + COMPLETED",time_range,DETERMINISTIC,RULE_PARSE,STALE_TEST,P1,DataAnalysis_Agent,"[""docs/phase0b/independent_runs/failure-11-run-1.json"", ""docs/phase0b/independent_runs/failure-11-run-2.json"", ""Current requirement: safe deterministic defaults; tests/test_intent.py default-time/all-time stable regressions; app/intent/classifier.py:_apply_default_time_range""]",OPEN,RULE_PARSE|LEGACY|QUERY|time_range|obsolete_mandatory_period,d00f4c5dac701c0b
pytest-12,"[""CURRENT_PYTEST""]","[""tests/test_pending_execution_transition.py::test_filled_slot_can_transition_to_asl_clarification_then_complete""]",[],,,Exact assertion and fixture in test_nodeids,"E       AssertionError: assert 'COMPLETED' == 'NEEDS_CLARIFICATION'
E
E         - NEEDS_CLARIFICATION
E         + COMPLETED",time_range,DETERMINISTIC,RULE_PARSE,STALE_TEST,P1,DataAnalysis_Agent,"[""docs/phase0b/independent_runs/failure-12-run-1.json"", ""docs/phase0b/independent_runs/failure-12-run-2.json"", ""Current requirement: safe deterministic defaults; tests/test_intent.py default-time/all-time stable regressions; app/intent/classifier.py:_apply_default_time_range""]",OPEN,RULE_PARSE|LEGACY|QUERY|time_range|obsolete_mandatory_period,d00f4c5dac701c0b
pytest-13,"[""CURRENT_PYTEST""]","[""tests/test_pending_execution_transition.py::test_terminal_dependency_failure_clears_resolved_pending_state""]",[],,,Exact assertion and fixture in test_nodeids,"E       AssertionError: assert 2 == 1
E        +  where 2 = len([CanonicalAnalysisRequest(schema_version='1.0', request_id=UUID('a6ae906f-70c6-47cf-8de1-a68abad0a3e2'), conversation_...mode='AUTO', confirmed_memory_ids=[], confirmed_preferences=[], dependency_constraints=[], pending_state_version=None)])
E        +    where [CanonicalAnalysisRequest(schema_version='1.0', request_id=UUID('a6ae906f-70c6-47cf-8de1-a68abad0a3e2'), conversation_...mode='AUTO', confirmed_memory_ids=[], confirmed_preferences=[], dependency_constraints=[], pending_state_version=None)] = <test_pending_execution_transition.FailingRetrieval object at 0x0000020E101B30B0>.requests",time_range,DETERMINISTIC,RULE_PARSE,STALE_TEST,P1,DataAnalysis_Agent,"[""docs/phase0b/independent_runs/failure-13-run-1.json"", ""docs/phase0b/independent_runs/failure-13-run-2.json"", ""Current requirement: safe deterministic defaults; tests/test_intent.py default-time/all-time stable regressions; app/intent/classifier.py:_apply_default_time_range""]",OPEN,RULE_PARSE|LEGACY|QUERY|time_range|obsolete_mandatory_period,d00f4c5dac701c0b
pytest-14,"[""CURRENT_PYTEST""]","[""tests/test_pending_execution_transition.py::test_corrected_pending_request_sends_no_negated_metric_to_retrieval""]",[],,,Exact assertion and fixture in test_nodeids,"E       AssertionError: assert 'SAFE_FALLBACK' == 'NEEDS_CLARIFICATION'
E
E         - NEEDS_CLARIFICATION
E         + SAFE_FALLBACK",time_range,DETERMINISTIC,RULE_PARSE,STALE_TEST,P1,DataAnalysis_Agent,"[""docs/phase0b/independent_runs/failure-14-run-1.json"", ""docs/phase0b/independent_runs/failure-14-run-2.json"", ""Current requirement: safe deterministic defaults; tests/test_intent.py default-time/all-time stable regressions; app/intent/classifier.py:_apply_default_time_range""]",OPEN,RULE_PARSE|LEGACY|QUERY|time_range|obsolete_mandatory_period,d00f4c5dac701c0b
pytest-15,"[""CURRENT_PYTEST""]","[""tests/test_pending_execution_transition.py::test_correction_after_completed_turn_replaces_old_dimension""]",[],,,Exact assertion and fixture in test_nodeids,"E       AssertionError: assert 'NEEDS_CLARIFICATION' == 'COMPLETED'
E
E         - COMPLETED
E         + NEEDS_CLARIFICATION",dimensions,DETERMINISTIC,TURN_ADMISSION,REAL_PRODUCTION_BUG,P0,DataAnalysis_Agent,"[""docs/phase0b/independent_runs/failure-15-run-1.json"", ""docs/phase0b/independent_runs/failure-15-run-2.json"", ""tests/test_pending_execution_transition.py; current business slot mutation requirement""]",OPEN,TURN_ADMISSION|LEGACY|QUERY|dimensions|correction_loses_context,a22159f2ae0d7a54
pytest-16,"[""CURRENT_PYTEST""]","[""tests/test_runtime_regressions.py::test_relationship_wording_does_not_deduplicate_order_facts""]",[],,,Exact assertion and fixture in test_nodeids,E       AssertionError: assert '| 订单号 | 商品 |' in '共查询到 2 条明细。\n\n| 订单号 | 商品名称 |\n| --- | --- |\n| A-1 | 甲 |\n| A-1 | 甲 |',display,DETERMINISTIC,RESULT_VALIDATION,STALE_TEST,P2,DataAnalysis_Agent,"[""docs/phase0b/independent_runs/failure-16-run-1.json"", ""docs/phase0b/independent_runs/failure-16-run-2.json"", ""tests/test_runtime_regressions.py:test_query_answer_uses_business_markdown_table_and_hides_physical_prefix""]",OPEN,RESULT_VALIDATION|LEGACY|QUERY|display|governed_display_label,aa69a9bc326f0f7e
pytest-17,"[""CURRENT_PYTEST""]","[""tests/test_semantic_clarification_session_recovery.py::test_explicit_day_range_resolves_report_time_without_model_reinterpretation""]",[],,,Exact assertion and fixture in test_nodeids,"E       AssertionError: assert 'COMPLETED' == 'NEEDS_CLARIFICATION'
E
E         - NEEDS_CLARIFICATION
E         + COMPLETED",time_range,DETERMINISTIC,RULE_PARSE,STALE_TEST,P1,DataAnalysis_Agent,"[""docs/phase0b/independent_runs/failure-17-run-1.json"", ""docs/phase0b/independent_runs/failure-17-run-2.json"", ""Current requirement: safe deterministic defaults; tests/test_intent.py default-time/all-time stable regressions; app/intent/classifier.py:_apply_default_time_range""]",OPEN,RULE_PARSE|LEGACY|QUERY|time_range|obsolete_mandatory_period,d00f4c5dac701c0b
pytest-18,"[""CURRENT_PYTEST""]","[""tests/test_semantic_clarification_session_recovery.py::test_three_turn_subject_clarification_recovers_pending_request[False]""]",[],,,Exact assertion and fixture in test_nodeids,"E       AssertionError: assert 'COMPLETED' == 'NEEDS_CLARIFICATION'
E
E         - NEEDS_CLARIFICATION
E         + COMPLETED",time_range,DETERMINISTIC,RULE_PARSE,STALE_TEST,P1,DataAnalysis_Agent,"[""docs/phase0b/independent_runs/failure-18-run-1.json"", ""docs/phase0b/independent_runs/failure-18-run-2.json"", ""Current requirement: safe deterministic defaults; tests/test_intent.py default-time/all-time stable regressions; app/intent/classifier.py:_apply_default_time_range""]",OPEN,RULE_PARSE|LEGACY|QUERY|time_range|obsolete_mandatory_period,d00f4c5dac701c0b
pytest-19,"[""CURRENT_PYTEST""]","[""tests/test_semantic_clarification_session_recovery.py::test_three_turn_subject_clarification_recovers_pending_request[True]""]",[],,,Exact assertion and fixture in test_nodeids,"E       AssertionError: assert 'COMPLETED' == 'NEEDS_CLARIFICATION'
E
E         - NEEDS_CLARIFICATION
E         + COMPLETED",time_range,DETERMINISTIC,RULE_PARSE,STALE_TEST,P1,DataAnalysis_Agent,"[""docs/phase0b/independent_runs/failure-19-run-1.json"", ""docs/phase0b/independent_runs/failure-19-run-2.json"", ""Current requirement: safe deterministic defaults; tests/test_intent.py default-time/all-time stable regressions; app/intent/classifier.py:_apply_default_time_range""]",OPEN,RULE_PARSE|LEGACY|QUERY|time_range|obsolete_mandatory_period,d00f4c5dac701c0b
pytest-20,"[""CURRENT_PYTEST""]","[""tests/test_semantic_clarification_session_recovery.py::test_semantic_clarification_keeps_explicit_interrupt_semantics[\\u4f60\\u597d-CHAT-COMPLETED]""]",[],,,Exact assertion and fixture in test_nodeids,"E       AssertionError: assert 'COMPLETED' == 'NEEDS_CLARIFICATION'
E
E         - NEEDS_CLARIFICATION
E         + COMPLETED",time_range,DETERMINISTIC,RULE_PARSE,STALE_TEST,P1,DataAnalysis_Agent,"[""docs/phase0b/independent_runs/failure-20-run-1.json"", ""docs/phase0b/independent_runs/failure-20-run-2.json"", ""Current requirement: safe deterministic defaults; tests/test_intent.py default-time/all-time stable regressions; app/intent/classifier.py:_apply_default_time_range""]",OPEN,RULE_PARSE|LEGACY|QUERY|time_range|obsolete_mandatory_period,d00f4c5dac701c0b
pytest-21,"[""CURRENT_PYTEST""]","[""tests/test_semantic_clarification_session_recovery.py::test_semantic_clarification_keeps_explicit_interrupt_semantics[\\u53d6\\u6d88-REPORT_GENERATION-CANCELLED]""]",[],,,Exact assertion and fixture in test_nodeids,"E       AssertionError: assert 'COMPLETED' == 'NEEDS_CLARIFICATION'
E
E         - NEEDS_CLARIFICATION
E         + COMPLETED",time_range,DETERMINISTIC,RULE_PARSE,STALE_TEST,P1,DataAnalysis_Agent,"[""docs/phase0b/independent_runs/failure-21-run-1.json"", ""docs/phase0b/independent_runs/failure-21-run-2.json"", ""Current requirement: safe deterministic defaults; tests/test_intent.py default-time/all-time stable regressions; app/intent/classifier.py:_apply_default_time_range""]",OPEN,RULE_PARSE|LEGACY|QUERY|time_range|obsolete_mandatory_period,d00f4c5dac701c0b
pytest-22,"[""CURRENT_PYTEST""]","[""tests/test_semantic_clarification_session_recovery.py::test_semantic_clarification_keeps_explicit_interrupt_semantics[\\u6362\\u4e2a\\u95ee\\u9898\\uff0c\\u67e5\\u8be2\\u672c\\u6708\\u9500\\u552e\\u989d-METRIC_QUERY-COMPLETED]""]",[],,,Exact assertion and fixture in test_nodeids,"E       AssertionError: assert 'COMPLETED' == 'NEEDS_CLARIFICATION'
E
E         - NEEDS_CLARIFICATION
E         + COMPLETED",time_range,DETERMINISTIC,RULE_PARSE,STALE_TEST,P1,DataAnalysis_Agent,"[""docs/phase0b/independent_runs/failure-22-run-1.json"", ""docs/phase0b/independent_runs/failure-22-run-2.json"", ""Current requirement: safe deterministic defaults; tests/test_intent.py default-time/all-time stable regressions; app/intent/classifier.py:_apply_default_time_range""]",OPEN,RULE_PARSE|LEGACY|QUERY|time_range|obsolete_mandatory_period,d00f4c5dac701c0b
pytest-23,"[""CURRENT_PYTEST""]","[""tests/test_semantic_clarification_session_recovery.py::test_semantic_clarification_keeps_explicit_interrupt_semantics[\\u67e5\\u8be2\\u6628\\u5929\\u8ba2\\u5355\\u660e\\u7ec6\\uff0c\\u663e\\u793a\\u8ba2\\u5355\\u53f7\\u548c\\u91d1\\u989d-DETAIL_QUERY-COMPLETED]""]",[],,,Exact assertion and fixture in test_nodeids,"E       AssertionError: assert 'COMPLETED' == 'NEEDS_CLARIFICATION'
E
E         - NEEDS_CLARIFICATION
E         + COMPLETED",time_range,DETERMINISTIC,RULE_PARSE,STALE_TEST,P1,DataAnalysis_Agent,"[""docs/phase0b/independent_runs/failure-23-run-1.json"", ""docs/phase0b/independent_runs/failure-23-run-2.json"", ""Current requirement: safe deterministic defaults; tests/test_intent.py default-time/all-time stable regressions; app/intent/classifier.py:_apply_default_time_range""]",OPEN,RULE_PARSE|LEGACY|QUERY|time_range|obsolete_mandatory_period,d00f4c5dac701c0b
pytest-24,"[""CURRENT_PYTEST""]","[""tests/test_session_event_log.py::test_orchestrator_records_replayable_request_intent_and_final_events""]",[],,,Exact assertion and fixture in test_nodeids,"E       AssertionError: assert [] == [<SessionEven...ACE_SUMMARY'>]
E
E         Right contains 4 more items, first extra item: <SessionEventType.USER_QUERY: 'USER_QUERY'>
E         Use -v to get more diff",events,DETERMINISTIC,SESSION_STATE,LEGACY_BEHAVIOR_DEBT,P2,DataAnalysis_Agent,"[""docs/phase0b/independent_runs/failure-24-run-1.json"", ""docs/phase0b/independent_runs/failure-24-run-2.json"", ""tests/test_session_event_log.py""]",OPEN,SESSION_STATE|LEGACY|QUERY|events|events_absent,939d0ab207a12b6a
pytest-25,"[""CURRENT_PYTEST""]","[""tests/test_task_dag.py::test_real_report_classifier_resumes_all_facets_with_one_period""]",[],,,Exact assertion and fixture in test_nodeids,"E           AssertionError: assert None is not None
E            +  where None = CanonicalAnalysisRequest(schema_version='1.0', request_id=UUID('add3cf98-931f-40b5-afd4-9b43555b25f8'), conversation_i..._mode='AUTO', confirmed_memory_ids=[], confirmed_preferences=[], dependency_constraints=[], pending_state_version=None).time_range",time_range,DETERMINISTIC,RULE_PARSE,STALE_TEST,P1,DataAnalysis_Agent,"[""docs/phase0b/independent_runs/failure-25-run-1.json"", ""docs/phase0b/independent_runs/failure-25-run-2.json"", ""Current requirement: safe deterministic defaults; tests/test_intent.py default-time/all-time stable regressions; app/intent/classifier.py:_apply_default_time_range""]",OPEN,RULE_PARSE|LEGACY|QUERY|time_range|obsolete_mandatory_period,d00f4c5dac701c0b
pytest-26,"[""CURRENT_PYTEST""]","[""tests/test_tracing_evaluation.py::test_orchestrator_records_trace_summary_after_final_event""]",[],,,Exact assertion and fixture in test_nodeids,E       IndexError: list index out of range,events,DETERMINISTIC,SESSION_STATE,LEGACY_BEHAVIOR_DEBT,P2,DataAnalysis_Agent,"[""docs/phase0b/independent_runs/failure-26-run-1.json"", ""docs/phase0b/independent_runs/failure-26-run-2.json"", ""tests/test_tracing_evaluation.py""]",OPEN,SESSION_STATE|LEGACY|QUERY|events|events_absent,939d0ab207a12b6a
pytest-27,"[""CURRENT_PYTEST""]","[""tests/test_workflow.py::test_workflow_clarify_then_complete""]",[],,,Exact assertion and fixture in test_nodeids,"E       AssertionError: assert 'COMPLETED' == 'NEEDS_CLARIFICATION'
E
E         - NEEDS_CLARIFICATION
E         + COMPLETED",time_range,DETERMINISTIC,RULE_PARSE,STALE_TEST,P1,DataAnalysis_Agent,"[""docs/phase0b/independent_runs/failure-27-run-1.json"", ""docs/phase0b/independent_runs/failure-27-run-2.json"", ""Current requirement: safe deterministic defaults; tests/test_intent.py default-time/all-time stable regressions; app/intent/classifier.py:_apply_default_time_range""]",OPEN,RULE_PARSE|LEGACY|QUERY|time_range|obsolete_mandatory_period,d00f4c5dac701c0b
pytest-28,"[""CURRENT_PYTEST""]","[""tests/test_workflow.py::test_workflow_advanced_intents_obey_data_and_input_gates[TREND_ANALYSIS-\\u5206\\u6790\\u672c\\u6708\\u9500\\u552e\\u989d\\u7684\\u8d8b\\u52bf-SAFE_FALLBACK]""]",[],,,Exact assertion and fixture in test_nodeids,"E       AssertionError: assert 'PARTIAL_SUCCESS' == 'SAFE_FALLBACK'
E
E         - SAFE_FALLBACK
E         + PARTIAL_SUCCESS",status,DETERMINISTIC,RESULT_VALIDATION,UNKNOWN_NEEDS_EVIDENCE,P1,DataAnalysis_Agent,"[""docs/phase0b/independent_runs/failure-28-run-1.json"", ""docs/phase0b/independent_runs/failure-28-run-2.json"", ""Need analysis contract owner to confirm partial-result policy; do not change expectation""]",OPEN,RESULT_VALIDATION|LEGACY|QUERY|status|partial_success_vs_fallback,a7f2d43fad110b1b
pytest-29,"[""CURRENT_PYTEST""]","[""tests/test_workflow.py::test_workflow_advanced_intents_obey_data_and_input_gates[COMPARISON_ANALYSIS-\\u5bf9\\u6bd4\\u672c\\u6708\\u9500\\u552e\\u989d\\u7684\\u540c\\u6bd4-SAFE_FALLBACK]""]",[],,,Exact assertion and fixture in test_nodeids,"E       AssertionError: assert 'PARTIAL_SUCCESS' == 'SAFE_FALLBACK'
E
E         - SAFE_FALLBACK
E         + PARTIAL_SUCCESS",status,DETERMINISTIC,RESULT_VALIDATION,UNKNOWN_NEEDS_EVIDENCE,P1,DataAnalysis_Agent,"[""docs/phase0b/independent_runs/failure-29-run-1.json"", ""docs/phase0b/independent_runs/failure-29-run-2.json"", ""Need analysis contract owner to confirm partial-result policy; do not change expectation""]",OPEN,RESULT_VALIDATION|LEGACY|QUERY|status|partial_success_vs_fallback,a7f2d43fad110b1b
pytest-30,"[""CURRENT_PYTEST""]","[""tests/test_workflow.py::test_workflow_advanced_intents_obey_data_and_input_gates[COMPOSITION_ANALYSIS-\\u6309\\u533a\\u57df\\u5206\\u6790\\u672c\\u6708\\u9500\\u552e\\u989d\\u7684\\u6784\\u6210\\u5360\\u6bd4-SAFE_FALLBACK]""]",[],,,Exact assertion and fixture in test_nodeids,"E       AssertionError: assert 'PARTIAL_SUCCESS' == 'SAFE_FALLBACK'
E
E         - SAFE_FALLBACK
E         + PARTIAL_SUCCESS",status,DETERMINISTIC,RESULT_VALIDATION,UNKNOWN_NEEDS_EVIDENCE,P1,DataAnalysis_Agent,"[""docs/phase0b/independent_runs/failure-30-run-1.json"", ""docs/phase0b/independent_runs/failure-30-run-2.json"", ""Need analysis contract owner to confirm partial-result policy; do not change expectation""]",OPEN,RESULT_VALIDATION|LEGACY|QUERY|status|partial_success_vs_fallback,a7f2d43fad110b1b
pytest-31,"[""CURRENT_PYTEST""]","[""tests/test_workflow.py::test_workflow_advanced_intents_obey_data_and_input_gates[ANOMALY_ANALYSIS-\\u68c0\\u6d4b\\u672c\\u6708\\u9500\\u552e\\u989d\\u7684\\u5f02\\u5e38-SAFE_FALLBACK]""]",[],,,Exact assertion and fixture in test_nodeids,"E       AssertionError: assert 'PARTIAL_SUCCESS' == 'SAFE_FALLBACK'
E
E         - SAFE_FALLBACK
E         + PARTIAL_SUCCESS",status,DETERMINISTIC,RESULT_VALIDATION,UNKNOWN_NEEDS_EVIDENCE,P1,DataAnalysis_Agent,"[""docs/phase0b/independent_runs/failure-31-run-1.json"", ""docs/phase0b/independent_runs/failure-31-run-2.json"", ""Need analysis contract owner to confirm partial-result policy; do not change expectation""]",OPEN,RESULT_VALIDATION|LEGACY|QUERY|status|partial_success_vs_fallback,a7f2d43fad110b1b
pytest-32,"[""CURRENT_PYTEST""]","[""tests/test_workflow.py::test_workflow_advanced_intents_obey_data_and_input_gates[ROOT_CAUSE_ANALYSIS-\\u5f52\\u56e0\\u672c\\u6708\\u9500\\u552e\\u989d\\u7684\\u5f02\\u5e38\\u539f\\u56e0-SAFE_FALLBACK]""]",[],,,Exact assertion and fixture in test_nodeids,"E       AssertionError: assert 'PARTIAL_SUCCESS' == 'SAFE_FALLBACK'
E
E         - SAFE_FALLBACK
E         + PARTIAL_SUCCESS",status,DETERMINISTIC,RESULT_VALIDATION,UNKNOWN_NEEDS_EVIDENCE,P1,DataAnalysis_Agent,"[""docs/phase0b/independent_runs/failure-32-run-1.json"", ""docs/phase0b/independent_runs/failure-32-run-2.json"", ""Need analysis contract owner to confirm partial-result policy; do not change expectation""]",OPEN,RESULT_VALIDATION|LEGACY|QUERY|status|partial_success_vs_fallback,a7f2d43fad110b1b
real-001,"[""HISTORICAL_PARTIAL_TRACE""]",[],"[""real-001""]",前一轮为国药公司含税销售总额及省市,再加上订单笔数，其他条件不变。,满足评测断言：缺少业务字段:订单笔数,COMPLETED，但结果缺少订单笔数,SLOT_MERGE_FAILURE,NOT_REPLAYABLE_WITH_AVAILABLE_STATE,UNKNOWN,UNKNOWN_NEEDS_EVIDENCE,P1,UNKNOWN,"[""docs/data_agent_failure_cases.jsonl#real-001"", ""docs/phase2/failure_trace_replay.jsonl#real-001"", ""Historical proposed stage (not proved): SLOT_MERGE"", ""Need original state, stage outputs, catalog and dataset snapshots""]",UNKNOWN_NEEDS_EVIDENCE,UNKNOWN|METRIC_QUERY|ADD|SLOT_MERGE_FAILURE|COMPLETED，但结果缺少订单笔数,d3aec3a774c79fb8
real-002,"[""HISTORICAL_PARTIAL_TRACE""]",[],"[""real-002""]",独立改写问题,请列出每个国药公司（母公司）的含税销售总额，并显示公司名称和所在省市。,应完成而不是追问,NEEDS_CLARIFICATION：询问明细字段,QUERY_SHAPE_FAILURE,NOT_REPLAYABLE_WITH_AVAILABLE_STATE,UNKNOWN,UNKNOWN_NEEDS_EVIDENCE,P1,UNKNOWN,"[""docs/data_agent_failure_cases.jsonl#real-002"", ""docs/phase2/failure_trace_replay.jsonl#real-002"", ""Historical proposed stage (not proved): STRUCTURED_INTENT"", ""Need original state, stage outputs, catalog and dataset snapshots""]",UNKNOWN_NEEDS_EVIDENCE,UNKNOWN|DETAIL_QUERY|NEW_TASK|QUERY_SHAPE_FAILURE|NEEDS_CLARIFICATION,e59bb230184880aa
real-003,"[""HISTORICAL_PARTIAL_TRACE""]",[],"[""real-003""]",前一轮为经销商销售额、合作时长和合作次数排名,改成前3名，其他条件不变。,保留原查询契约并只替换TopN,SAFE_FALLBACK：排名结果顺序不正确,RESULT_CONTRACT_FAILURE,NOT_REPLAYABLE_WITH_AVAILABLE_STATE,UNKNOWN,UNKNOWN_NEEDS_EVIDENCE,P1,UNKNOWN,"[""docs/data_agent_failure_cases.jsonl#real-003"", ""docs/phase2/failure_trace_replay.jsonl#real-003"", ""Historical proposed stage (not proved): UNKNOWN_ASL_OR_RESULT"", ""Need original state, stage outputs, catalog and dataset snapshots""]",UNKNOWN_NEEDS_EVIDENCE,UNKNOWN|METRIC_QUERY|FOLLOW_UP|RESULT_CONTRACT_FAILURE|SAFE_FALLBACK,776c3b856d918a67
real-004,"[""HISTORICAL_PARTIAL_TRACE""]",[],"[""real-004""]",前一轮包含含税销售总额,再加上订单笔数，其他条件不变。,结果同时保留原指标和新增指标,COMPLETED，但只返回订单笔数,SLOT_MERGE_FAILURE,NOT_REPLAYABLE_WITH_AVAILABLE_STATE,UNKNOWN,UNKNOWN_NEEDS_EVIDENCE,P1,UNKNOWN,"[""docs/data_agent_failure_cases.jsonl#real-004"", ""docs/phase2/failure_trace_replay.jsonl#real-004"", ""Historical proposed stage (not proved): SLOT_MERGE"", ""Need original state, stage outputs, catalog and dataset snapshots""]",UNKNOWN_NEEDS_EVIDENCE,UNKNOWN|METRIC_QUERY|ADD|SLOT_MERGE_FAILURE|COMPLETED，但只返回订单笔数,d45f894e8eee4b7e
real-005,"[""HISTORICAL_PARTIAL_TRACE""]",[],"[""real-005""]",独立问题,请列出上海市紫杉醇释放冠脉球囊导管的含税销售总额。,评测期望COMPLETED,NEEDS_CLARIFICATION,QUERY_SHAPE_FAILURE,NOT_REPLAYABLE_WITH_AVAILABLE_STATE,UNKNOWN,UNKNOWN_NEEDS_EVIDENCE,P1,UNKNOWN,"[""docs/data_agent_failure_cases.jsonl#real-005"", ""docs/phase2/failure_trace_replay.jsonl#real-005"", ""Historical proposed stage (not proved): STRUCTURED_INTENT"", ""Need original state, stage outputs, catalog and dataset snapshots""]",UNKNOWN_NEEDS_EVIDENCE,UNKNOWN|DETAIL_QUERY|NEW_TASK|QUERY_SHAPE_FAILURE|NEEDS_CLARIFICATION,e59bb230184880aa
real-006,"[""HISTORICAL_PARTIAL_TRACE""]",[],"[""real-006""]",独立问题,按月统计上海市紫杉醇释放冠脉球囊导管的含税销售总额。,月粒度列必须返回,COMPLETED但结果契约缺月/交易日期,ASL_CONTRACT_FAILURE,NOT_REPLAYABLE_WITH_AVAILABLE_STATE,UNKNOWN,UNKNOWN_NEEDS_EVIDENCE,P1,UNKNOWN,"[""docs/data_agent_failure_cases.jsonl#real-006"", ""docs/phase2/failure_trace_replay.jsonl#real-006"", ""Historical proposed stage (not proved): ASL"", ""Need original state, stage outputs, catalog and dataset snapshots""]",UNKNOWN_NEEDS_EVIDENCE,UNKNOWN|TREND_ANALYSIS|NEW_TASK|ASL_CONTRACT_FAILURE|COMPLETED但结果契约缺月/交易日期,6e20c59d5850f7c7
real-007,"[""HISTORICAL_PARTIAL_TRACE""]",[],"[""real-007""]",前一轮为月粒度趋势,改成按季度，其他条件不变。,替换粒度并返回季度列,COMPLETED但粒度结果列不符,ASL_CONTRACT_FAILURE,NOT_REPLAYABLE_WITH_AVAILABLE_STATE,UNKNOWN,UNKNOWN_NEEDS_EVIDENCE,P1,UNKNOWN,"[""docs/data_agent_failure_cases.jsonl#real-007"", ""docs/phase2/failure_trace_replay.jsonl#real-007"", ""Historical proposed stage (not proved): ASL"", ""Need original state, stage outputs, catalog and dataset snapshots""]",UNKNOWN_NEEDS_EVIDENCE,UNKNOWN|TREND_ANALYSIS|FOLLOW_UP|ASL_CONTRACT_FAILURE|COMPLETED但粒度结果列不符,0d315c37fbceb5c7
real-008,"[""HISTORICAL_PARTIAL_TRACE""]",[],"[""real-008""]",独立改写,按月请计算上海市紫杉醇释放冠脉球囊导管的含税销售总额。,返回月字段,COMPLETED但投影不完整,ASL_CONTRACT_FAILURE,NOT_REPLAYABLE_WITH_AVAILABLE_STATE,UNKNOWN,UNKNOWN_NEEDS_EVIDENCE,P1,UNKNOWN,"[""docs/data_agent_failure_cases.jsonl#real-008"", ""docs/phase2/failure_trace_replay.jsonl#real-008"", ""Historical proposed stage (not proved): ASL"", ""Need original state, stage outputs, catalog and dataset snapshots""]",UNKNOWN_NEEDS_EVIDENCE,UNKNOWN|TREND_ANALYSIS|NEW_TASK|ASL_CONTRACT_FAILURE|COMPLETED但投影不完整,b706d90541943cb0
real-009,"[""HISTORICAL_PARTIAL_TRACE""]",[],"[""real-009""]",独立实体变体,按月统计上海市空心纤维血液透析器的含税销售总额。,返回月字段,COMPLETED但投影不完整,ASL_CONTRACT_FAILURE,NOT_REPLAYABLE_WITH_AVAILABLE_STATE,UNKNOWN,UNKNOWN_NEEDS_EVIDENCE,P1,UNKNOWN,"[""docs/data_agent_failure_cases.jsonl#real-009"", ""docs/phase2/failure_trace_replay.jsonl#real-009"", ""Historical proposed stage (not proved): ASL"", ""Need original state, stage outputs, catalog and dataset snapshots""]",UNKNOWN_NEEDS_EVIDENCE,UNKNOWN|TREND_ANALYSIS|NEW_TASK|ASL_CONTRACT_FAILURE|COMPLETED但投影不完整,b706d90541943cb0
real-010,"[""HISTORICAL_PARTIAL_TRACE""]",[],"[""real-010""]",独立趋势问题,分析上海市紫杉醇释放冠脉球囊导管的整体销售趋势。,包含销售额及趋势时间列,COMPLETED但评测断言失败,NO_DATA_OR_SEMANTIC_UNCERTAIN,NOT_REPLAYABLE_WITH_AVAILABLE_STATE,UNKNOWN,UNKNOWN_NEEDS_EVIDENCE,P1,UNKNOWN,"[""docs/data_agent_failure_cases.jsonl#real-010"", ""docs/phase2/failure_trace_replay.jsonl#real-010"", ""Historical proposed stage (not proved): UNKNOWN"", ""Need original state, stage outputs, catalog and dataset snapshots""]",UNKNOWN_NEEDS_EVIDENCE,UNKNOWN|TREND_ANALYSIS|NEW_TASK|NO_DATA_OR_SEMANTIC_UNCERTAIN|COMPLETED但评测断言失败,70b58f1420a71e55
real-011,"[""HISTORICAL_PARTIAL_TRACE""]",[],"[""real-011""]",前一轮整体销售趋势,改成按季度，其他条件不变。,重新规划为季度并完成,SAFE_FALLBACK：要求quarter，实际month,ASL_CONTRACT_FAILURE,NOT_REPLAYABLE_WITH_AVAILABLE_STATE,UNKNOWN,UNKNOWN_NEEDS_EVIDENCE,P1,UNKNOWN,"[""docs/data_agent_failure_cases.jsonl#real-011"", ""docs/phase2/failure_trace_replay.jsonl#real-011"", ""Historical proposed stage (not proved): ASL"", ""Need original state, stage outputs, catalog and dataset snapshots""]",UNKNOWN_NEEDS_EVIDENCE,UNKNOWN|TREND_ANALYSIS|FOLLOW_UP|ASL_CONTRACT_FAILURE|SAFE_FALLBACK,98d4f6cc821662ea
real-012,"[""HISTORICAL_PARTIAL_TRACE""]",[],"[""real-012""]",独立改写,请分析上海市紫杉醇释放冠脉球囊导管的整体销售趋势。,满足趋势结果字段契约,COMPLETED但结果契约断言失败,NO_DATA_OR_SEMANTIC_UNCERTAIN,NOT_REPLAYABLE_WITH_AVAILABLE_STATE,UNKNOWN,UNKNOWN_NEEDS_EVIDENCE,P1,UNKNOWN,"[""docs/data_agent_failure_cases.jsonl#real-012"", ""docs/phase2/failure_trace_replay.jsonl#real-012"", ""Historical proposed stage (not proved): UNKNOWN"", ""Need original state, stage outputs, catalog and dataset snapshots""]",UNKNOWN_NEEDS_EVIDENCE,UNKNOWN|TREND_ANALYSIS|NEW_TASK|NO_DATA_OR_SEMANTIC_UNCERTAIN|COMPLETED但结果契约断言失败,275d8f39dcbfe8c4
real-013,"[""HISTORICAL_PARTIAL_TRACE""]",[],"[""real-013""]",独立实体变体,分析上海市空心纤维血液透析器的整体销售趋势。,满足趋势结果字段契约,COMPLETED但结果契约断言失败,NO_DATA_OR_SEMANTIC_UNCERTAIN,NOT_REPLAYABLE_WITH_AVAILABLE_STATE,UNKNOWN,UNKNOWN_NEEDS_EVIDENCE,P1,UNKNOWN,"[""docs/data_agent_failure_cases.jsonl#real-013"", ""docs/phase2/failure_trace_replay.jsonl#real-013"", ""Historical proposed stage (not proved): UNKNOWN"", ""Need original state, stage outputs, catalog and dataset snapshots""]",UNKNOWN_NEEDS_EVIDENCE,UNKNOWN|TREND_ANALYSIS|NEW_TASK|NO_DATA_OR_SEMANTIC_UNCERTAIN|COMPLETED但结果契约断言失败,275d8f39dcbfe8c4
real-014,"[""HISTORICAL_PARTIAL_TRACE""]",[],"[""real-014""]",前一轮为合作医院数,再加上订单笔数，其他条件不变。,同时返回原指标和新增指标,COMPLETED但只返回新增指标,SLOT_MERGE_FAILURE,NOT_REPLAYABLE_WITH_AVAILABLE_STATE,UNKNOWN,UNKNOWN_NEEDS_EVIDENCE,P1,UNKNOWN,"[""docs/data_agent_failure_cases.jsonl#real-014"", ""docs/phase2/failure_trace_replay.jsonl#real-014"", ""Historical proposed stage (not proved): SLOT_MERGE"", ""Need original state, stage outputs, catalog and dataset snapshots""]",UNKNOWN_NEEDS_EVIDENCE,UNKNOWN|METRIC_QUERY|ADD|SLOT_MERGE_FAILURE|COMPLETED但只返回新增指标,ef209bba9a124c78
real-015,"[""HISTORICAL_PARTIAL_TRACE""]",[],"[""real-015""]",前一轮为合作经销商数,再加上订单笔数，其他条件不变。,同时返回原指标和新增指标,COMPLETED但只返回新增指标,SLOT_MERGE_FAILURE,NOT_REPLAYABLE_WITH_AVAILABLE_STATE,UNKNOWN,UNKNOWN_NEEDS_EVIDENCE,P1,UNKNOWN,"[""docs/data_agent_failure_cases.jsonl#real-015"", ""docs/phase2/failure_trace_replay.jsonl#real-015"", ""Historical proposed stage (not proved): SLOT_MERGE"", ""Need original state, stage outputs, catalog and dataset snapshots""]",UNKNOWN_NEEDS_EVIDENCE,UNKNOWN|METRIC_QUERY|ADD|SLOT_MERGE_FAILURE|COMPLETED但只返回新增指标,ef209bba9a124c78
real-016,"[""HISTORICAL_PARTIAL_TRACE""]",[],"[""real-016""]",独立关系查询,查询上海市紫杉醇释放冠脉球囊导管合作医院名单。,返回医院名称,SAFE_FALLBACK或结果列不完整,RELATION_PROJECTION_FAILURE,NOT_REPLAYABLE_WITH_AVAILABLE_STATE,UNKNOWN,UNKNOWN_NEEDS_EVIDENCE,P1,UNKNOWN,"[""docs/data_agent_failure_cases.jsonl#real-016"", ""docs/phase2/failure_trace_replay.jsonl#real-016"", ""Historical proposed stage (not proved): ASL"", ""Need original state, stage outputs, catalog and dataset snapshots""]",UNKNOWN_NEEDS_EVIDENCE,UNKNOWN|DETAIL_QUERY|NEW_TASK|RELATION_PROJECTION_FAILURE|SAFE_FALLBACK或结果列不完整,5dbc0dea2009d15a
real-017,"[""HISTORICAL_PARTIAL_TRACE""]",[],"[""real-017""]",前一轮合作医院名单,只返回前5个，其他筛选条件不变。,保留医院列并限制5行,评测断言缺医院,DATASET_OPERATION_FAILURE,NOT_REPLAYABLE_WITH_AVAILABLE_STATE,UNKNOWN,UNKNOWN_NEEDS_EVIDENCE,P1,UNKNOWN,"[""docs/data_agent_failure_cases.jsonl#real-017"", ""docs/phase2/failure_trace_replay.jsonl#real-017"", ""Historical proposed stage (not proved): DATASET_TRANSFORM"", ""Need original state, stage outputs, catalog and dataset snapshots""]",UNKNOWN_NEEDS_EVIDENCE,UNKNOWN|DETAIL_QUERY|FOLLOW_UP|DATASET_OPERATION_FAILURE|评测断言缺医院,ce9745f3df6e66d4
real-018,"[""HISTORICAL_PARTIAL_TRACE""]",[],"[""real-018""]",独立改写,请列出上海市紫杉醇释放冠脉球囊导管合作医院名单。,返回医院名称,结果契约不完整,RELATION_PROJECTION_FAILURE,NOT_REPLAYABLE_WITH_AVAILABLE_STATE,UNKNOWN,UNKNOWN_NEEDS_EVIDENCE,P1,UNKNOWN,"[""docs/data_agent_failure_cases.jsonl#real-018"", ""docs/phase2/failure_trace_replay.jsonl#real-018"", ""Historical proposed stage (not proved): ASL"", ""Need original state, stage outputs, catalog and dataset snapshots""]",UNKNOWN_NEEDS_EVIDENCE,UNKNOWN|DETAIL_QUERY|NEW_TASK|RELATION_PROJECTION_FAILURE|结果契约不完整,d471c959cf3b2062
real-019,"[""HISTORICAL_PARTIAL_TRACE""]",[],"[""real-019""]",独立实体变体,查询上海市空心纤维血液透析器合作医院名单。,返回医院名称,结果契约不完整,RELATION_PROJECTION_FAILURE,NOT_REPLAYABLE_WITH_AVAILABLE_STATE,UNKNOWN,UNKNOWN_NEEDS_EVIDENCE,P1,UNKNOWN,"[""docs/data_agent_failure_cases.jsonl#real-019"", ""docs/phase2/failure_trace_replay.jsonl#real-019"", ""Historical proposed stage (not proved): UNKNOWN_ASL_OR_RESULT"", ""Need original state, stage outputs, catalog and dataset snapshots""]",UNKNOWN_NEEDS_EVIDENCE,UNKNOWN|DETAIL_QUERY|NEW_TASK|RELATION_PROJECTION_FAILURE|结果契约不完整,d471c959cf3b2062
real-020,"[""HISTORICAL_PARTIAL_TRACE""]",[],"[""real-020""]",前一轮为名单结果,只返回前5个，其他筛选条件不变。,只返回5行,COMPLETED但返回超过5行,DATASET_OPERATION_FAILURE,NOT_REPLAYABLE_WITH_AVAILABLE_STATE,UNKNOWN,UNKNOWN_NEEDS_EVIDENCE,P1,UNKNOWN,"[""docs/data_agent_failure_cases.jsonl#real-020"", ""docs/phase2/failure_trace_replay.jsonl#real-020"", ""Historical proposed stage (not proved): DATASET_TRANSFORM"", ""Need original state, stage outputs, catalog and dataset snapshots""]",UNKNOWN_NEEDS_EVIDENCE,UNKNOWN|DETAIL_QUERY|FOLLOW_UP|DATASET_OPERATION_FAILURE|COMPLETED但返回超过5行,634c23b8bca13e08
real-021,"[""HISTORICAL_PARTIAL_TRACE""]",[],"[""real-021""]",前一轮包含含税销售总额和销售量,再加上订单笔数，其他条件不变。,保留原指标并增加订单笔数,COMPLETED但只返回新增指标,SLOT_MERGE_FAILURE,NOT_REPLAYABLE_WITH_AVAILABLE_STATE,UNKNOWN,UNKNOWN_NEEDS_EVIDENCE,P1,UNKNOWN,"[""docs/data_agent_failure_cases.jsonl#real-021"", ""docs/phase2/failure_trace_replay.jsonl#real-021"", ""Historical proposed stage (not proved): SLOT_MERGE"", ""Need original state, stage outputs, catalog and dataset snapshots""]",UNKNOWN_NEEDS_EVIDENCE,UNKNOWN|METRIC_QUERY|ADD|SLOT_MERGE_FAILURE|COMPLETED但只返回新增指标,ef209bba9a124c78
real-022,"[""HISTORICAL_PARTIAL_TRACE""]",[],"[""real-022""]",独立双指标请求,请列出外周插管中心静脉导管的含税销售总额和销售总数量。,评测期望COMPLETED,NEEDS_CLARIFICATION,QUERY_SHAPE_FAILURE,NOT_REPLAYABLE_WITH_AVAILABLE_STATE,UNKNOWN,UNKNOWN_NEEDS_EVIDENCE,P1,UNKNOWN,"[""docs/data_agent_failure_cases.jsonl#real-022"", ""docs/phase2/failure_trace_replay.jsonl#real-022"", ""Historical proposed stage (not proved): STRUCTURED_INTENT"", ""Need original state, stage outputs, catalog and dataset snapshots""]",UNKNOWN_NEEDS_EVIDENCE,UNKNOWN|DETAIL_QUERY|NEW_TASK|QUERY_SHAPE_FAILURE|NEEDS_CLARIFICATION,e59bb230184880aa
real-023,"[""HISTORICAL_PARTIAL_TRACE""]",[],"[""real-023""]",独立趋势请求,按月分析外周插管中心静脉导管的销售趋势。,返回时间粒度和趋势结果,COMPLETED但字段断言失败,ASL_CONTRACT_FAILURE,NOT_REPLAYABLE_WITH_AVAILABLE_STATE,UNKNOWN,UNKNOWN_NEEDS_EVIDENCE,P1,UNKNOWN,"[""docs/data_agent_failure_cases.jsonl#real-023"", ""docs/phase2/failure_trace_replay.jsonl#real-023"", ""Historical proposed stage (not proved): ASL"", ""Need original state, stage outputs, catalog and dataset snapshots""]",UNKNOWN_NEEDS_EVIDENCE,UNKNOWN|TREND_ANALYSIS|NEW_TASK|ASL_CONTRACT_FAILURE|COMPLETED但字段断言失败,6e80b9c3e454f8bd
real-024,"[""HISTORICAL_PARTIAL_TRACE""]",[],"[""real-024""]",前一轮月粒度趋势,改成按季度，其他条件不变。,返回季度粒度趋势,COMPLETED但字段断言失败,ASL_CONTRACT_FAILURE,NOT_REPLAYABLE_WITH_AVAILABLE_STATE,UNKNOWN,UNKNOWN_NEEDS_EVIDENCE,P1,UNKNOWN,"[""docs/data_agent_failure_cases.jsonl#real-024"", ""docs/phase2/failure_trace_replay.jsonl#real-024"", ""Historical proposed stage (not proved): ASL"", ""Need original state, stage outputs, catalog and dataset snapshots""]",UNKNOWN_NEEDS_EVIDENCE,UNKNOWN|TREND_ANALYSIS|FOLLOW_UP|ASL_CONTRACT_FAILURE|COMPLETED但字段断言失败,2922fe53e5376e55
real-025,"[""HISTORICAL_PARTIAL_TRACE""]",[],"[""real-025""]",独立改写,以月份为粒度分析外周插管中心静脉导管的销售趋势。,返回月份粒度结果,COMPLETED但字段断言失败,ASL_CONTRACT_FAILURE,NOT_REPLAYABLE_WITH_AVAILABLE_STATE,UNKNOWN,UNKNOWN_NEEDS_EVIDENCE,P1,UNKNOWN,"[""docs/data_agent_failure_cases.jsonl#real-025"", ""docs/phase2/failure_trace_replay.jsonl#real-025"", ""Historical proposed stage (not proved): ASL"", ""Need original state, stage outputs, catalog and dataset snapshots""]",UNKNOWN_NEEDS_EVIDENCE,UNKNOWN|TREND_ANALYSIS|NEW_TASK|ASL_CONTRACT_FAILURE|COMPLETED但字段断言失败,6e80b9c3e454f8bd
real-026,"[""HISTORICAL_PARTIAL_TRACE""]",[],"[""real-026""]",独立实体变体,按月分析空心纤维血液透析器的销售趋势。,返回月份粒度结果,COMPLETED但字段断言失败,ASL_CONTRACT_FAILURE,NOT_REPLAYABLE_WITH_AVAILABLE_STATE,UNKNOWN,UNKNOWN_NEEDS_EVIDENCE,P1,UNKNOWN,"[""docs/data_agent_failure_cases.jsonl#real-026"", ""docs/phase2/failure_trace_replay.jsonl#real-026"", ""Historical proposed stage (not proved): ASL"", ""Need original state, stage outputs, catalog and dataset snapshots""]",UNKNOWN_NEEDS_EVIDENCE,UNKNOWN|TREND_ANALYSIS|NEW_TASK|ASL_CONTRACT_FAILURE|COMPLETED但字段断言失败,6e80b9c3e454f8bd
real-027,"[""HISTORICAL_PARTIAL_TRACE""]",[],"[""real-027""]",前一轮医院名单,只返回前5个，其他筛选条件不变。,只返回5行,COMPLETED但返回43行,DATASET_OPERATION_FAILURE,NOT_REPLAYABLE_WITH_AVAILABLE_STATE,UNKNOWN,UNKNOWN_NEEDS_EVIDENCE,P1,UNKNOWN,"[""docs/data_agent_failure_cases.jsonl#real-027"", ""docs/phase2/failure_trace_replay.jsonl#real-027"", ""Historical proposed stage (not proved): DATASET_TRANSFORM"", ""Need original state, stage outputs, catalog and dataset snapshots""]",UNKNOWN_NEEDS_EVIDENCE,UNKNOWN|DETAIL_QUERY|FOLLOW_UP|DATASET_OPERATION_FAILURE|COMPLETED但返回43行,d1b84a61a78df393
real-028,"[""HISTORICAL_PARTIAL_TRACE""]",[],"[""real-028""]",独立关系查询,查询空心纤维血液透析器合作的医院名单。,满足医院名单契约,COMPLETED但0行且缺医院字段,RELATION_PROJECTION_FAILURE,NOT_REPLAYABLE_WITH_AVAILABLE_STATE,UNKNOWN,UNKNOWN_NEEDS_EVIDENCE,P1,UNKNOWN,"[""docs/data_agent_failure_cases.jsonl#real-028"", ""docs/phase2/failure_trace_replay.jsonl#real-028"", ""Historical proposed stage (not proved): UNKNOWN_ASL_OR_RESULT"", ""Need original state, stage outputs, catalog and dataset snapshots""]",UNKNOWN_NEEDS_EVIDENCE,UNKNOWN|DETAIL_QUERY|NEW_TASK|RELATION_PROJECTION_FAILURE|COMPLETED但0行且缺医院字段,2a37c8be1bbc08b0
real-029,"[""HISTORICAL_PARTIAL_TRACE""]",[],"[""real-029""]",前一轮经销商名单,只返回前5个，其他筛选条件不变。,只返回5行,COMPLETED但返回40行,DATASET_OPERATION_FAILURE,NOT_REPLAYABLE_WITH_AVAILABLE_STATE,UNKNOWN,UNKNOWN_NEEDS_EVIDENCE,P1,UNKNOWN,"[""docs/data_agent_failure_cases.jsonl#real-029"", ""docs/phase2/failure_trace_replay.jsonl#real-029"", ""Historical proposed stage (not proved): DATASET_TRANSFORM"", ""Need original state, stage outputs, catalog and dataset snapshots""]",UNKNOWN_NEEDS_EVIDENCE,UNKNOWN|DETAIL_QUERY|FOLLOW_UP|DATASET_OPERATION_FAILURE|COMPLETED但返回40行,3c778f11cf0ef9c0
real-030,"[""HISTORICAL_PARTIAL_TRACE""]",[],"[""real-030""]",前一轮商品-科室结果,只返回前5个，其他筛选条件不变。,只返回5行,COMPLETED但返回7行,DATASET_OPERATION_FAILURE,NOT_REPLAYABLE_WITH_AVAILABLE_STATE,UNKNOWN,UNKNOWN_NEEDS_EVIDENCE,P1,UNKNOWN,"[""docs/data_agent_failure_cases.jsonl#real-030"", ""docs/phase2/failure_trace_replay.jsonl#real-030"", ""Historical proposed stage (not proved): DATASET_TRANSFORM"", ""Need original state, stage outputs, catalog and dataset snapshots""]",UNKNOWN_NEEDS_EVIDENCE,UNKNOWN|DETAIL_QUERY|FOLLOW_UP|DATASET_OPERATION_FAILURE|COMPLETED但返回7行,889bafe3742c2747
critical-01,"[""CRITICAL_SCENARIO_SUITE""]","[""tests/test_phase0b_critical.py::test_c01_region_followup_preserves_metric_and_period""]",[],上海最近一年销售额,那江苏呢？,FOLLOW_UP / REPLACE region; preserve metric/time,PASS,region,OFFLINE_FIXED_CLOCK_FIXTURE,TURN_ADMISSION,LEGACY_BEHAVIOR_DEBT,P1,DataAnalysis_Agent,"[""docs/phase0b/critical_before.json"", ""tests/test_phase0b_critical.py::test_c01_region_followup_preserves_metric_and_period"", ""User Critical Multi-turn Scenario 1""]",PASS_AT_BASELINE,TURN_ADMISSION|LEGACY|FOLLOW_UP|region|region_replacement,14eb688aba7484a1
critical-02,"[""CRITICAL_SCENARIO_SUITE""]","[""tests/test_phase0b_critical.py::test_c02_complete_new_hospital_task_does_not_inherit_sales""]",[],上海最近一年销售额,江苏有哪些医院？,NEW TASK; no inherited sales or fabricated product filter,"def test_c02_complete_new_hospital_task_does_not_inherit_sales():
        after, decision = turn(parse('上海最近一年销售额'), '江苏有哪些医院？')
        assert decision.relation == TurnRelation.STANDALONE_NEW_TOPIC
        assert after.primary_intent == PrimaryIntent.DETAIL_QUERY
        assert names(after) == []
        assert regions(after) == ['江苏省']
>       assert not any(f['field'] == '商品名称' for f in after.filters)
E       assert not True
E        +  where True = any(<generator object test_c02_complete_new_hospital_task_does_not_inherit_sales.<locals>.<genexpr> at 0x000001BB79D15560>)

tests\test_phase0b_critical.py:60: AssertionError",filters,OFFLINE_FIXED_CLOCK_FIXTURE,RULE_PARSE,REAL_PRODUCTION_BUG,P0,DataAnalysis_Agent,"[""docs/phase0b/critical_before.json"", ""tests/test_phase0b_critical.py::test_c02_complete_new_hospital_task_does_not_inherit_sales"", ""User Critical Multi-turn Scenario 2""]",OPEN,RULE_PARSE|LEGACY|NEW_TASK|filters|structural_text_becomes_product_filter,c19d3188adc16682
critical-03,"[""CRITICAL_SCENARIO_SUITE""]","[""tests/test_phase0b_critical.py::test_c03_add_preserves_both_previous_metrics""]",[],销售额和销售量,再加订单笔数,Retain both old metrics and append order count,"def test_c03_add_preserves_both_previous_metrics():
        after, _ = turn(parse('销售额和销售量'), '再加订单笔数')
>       assert names(after) == ['销售额', '销售量', '订单笔数']
E       AssertionError: assert ['订单笔数'] == ['销售额', '销售量', '订单笔数']
E
E         At index 0 diff: '订单笔数' != '销售额'
E         Right contains 2 more items, first extra item: '销售量'
E         Use -v to get more diff

tests\test_phase0b_critical.py:65: AssertionError",metrics,OFFLINE_FIXED_CLOCK_FIXTURE,SLOT_MERGE,REAL_PRODUCTION_BUG,P0,DataAnalysis_Agent,"[""docs/phase0b/critical_before.json"", ""tests/test_phase0b_critical.py::test_c03_add_preserves_both_previous_metrics"", ""User Critical Multi-turn Scenario 3""]",OPEN,SLOT_MERGE|LEGACY|ADD|metrics|add_becomes_replace,7ae375172b551089
critical-04,"[""CRITICAL_SCENARIO_SUITE""]","[""tests/test_phase0b_critical.py::test_c04_replace_region_removes_previous_region""]",[],上海销售额,换成江苏,Only Jiangsu region remains,PASS,region,OFFLINE_FIXED_CLOCK_FIXTURE,SLOT_MERGE,LEGACY_BEHAVIOR_DEBT,P1,DataAnalysis_Agent,"[""docs/phase0b/critical_before.json"", ""tests/test_phase0b_critical.py::test_c04_replace_region_removes_previous_region"", ""User Critical Multi-turn Scenario 4""]",PASS_AT_BASELINE,SLOT_MERGE|LEGACY|REPLACE|region|region_replacement,ce4abba1af246fb3
critical-05,"[""CRITICAL_SCENARIO_SUITE""]","[""tests/test_phase0b_critical.py::test_c05_remove_metric_does_not_remove_remaining_metric""]",[],销售额和订单笔数,不要订单笔数,Retain sales amount only,"def test_c05_remove_metric_does_not_remove_remaining_metric():
        after, _ = turn(parse('销售额和订单笔数'), '不要订单笔数')
>       assert names(after) == ['销售额']
E       AssertionError: assert ['订单笔数'] == ['销售额']
E
E         At index 0 diff: '订单笔数' != '销售额'
E         Use -v to get more diff

tests\test_phase0b_critical.py:76: AssertionError",metrics,OFFLINE_FIXED_CLOCK_FIXTURE,SLOT_MERGE,REAL_PRODUCTION_BUG,P0,DataAnalysis_Agent,"[""docs/phase0b/critical_before.json"", ""tests/test_phase0b_critical.py::test_c05_remove_metric_does_not_remove_remaining_metric"", ""User Critical Multi-turn Scenario 5""]",OPEN,SLOT_MERGE|LEGACY|REMOVE|metrics|removed_metric_restored,6594ea85bab05022
critical-06,"[""CRITICAL_SCENARIO_SUITE""]","[""tests/test_phase0b_critical.py::test_c06_clear_region_survives_next_grain_turn""]",[],上海销售额 → 不限地区,按季度,Region remains empty after CLEAR,"def test_c06_clear_region_survives_next_grain_turn():
        cleared, _ = turn(parse('上海销售额'), '不限地区')
        after, _ = turn(cleared, '按季度')
        assert regions(cleared) == regions(after) == []
>       assert names(after) == ['销售额']
E       AssertionError: assert [] == ['销售额']
E
E         Right contains one more item: '销售额'
E         Use -v to get more diff

tests\test_phase0b_critical.py:83: AssertionError",region,OFFLINE_FIXED_CLOCK_FIXTURE,SLOT_MERGE,REAL_PRODUCTION_BUG,P0,DataAnalysis_Agent,"[""docs/phase0b/critical_before.json"", ""tests/test_phase0b_critical.py::test_c06_clear_region_survives_next_grain_turn"", ""User Critical Multi-turn Scenario 6""]",OPEN,SLOT_MERGE|LEGACY|CLEAR|region|clear_loses_base_or_resurrects_filter,6f53e225c9109516
critical-07,"[""CRITICAL_SCENARIO_SUITE""]","[""tests/test_phase0b_critical.py::test_c07_pending_cannot_capture_complete_new_task_with_missing_execution_slot""]",[],Pending metric choice,江苏有哪些医院？,NEW TASK even if default projection awaits governance,"def test_c07_pending_cannot_capture_complete_new_task_with_missing_execution_slot():
        previous = parse('上海销售额')
        previous.missing_slots = ['semantic_ambiguity']
        current = parse('江苏有哪些医院？')
        current.fields = []
        current.missing_slots = ['fields']
        decision = TurnAdmissionGate().evaluate(question=current.original_question, current=current, previous=previous, message_id='m2', pending=True)
>       assert decision.relation == TurnRelation.STANDALONE_NEW_TOPIC
E       AssertionError: assert <TurnRelation...ION_RESPONSE'> == <TurnRelation...NE_NEW_TOPIC'>
E
E         - STANDALONE_NEW_TOPIC
E         + CLARIFICATION_RESPONSE

tests\test_phase0b_critical.py:93: AssertionError",relation,OFFLINE_FIXED_CLOCK_FIXTURE,PENDING_ADMISSION,REAL_PRODUCTION_BUG,P0,DataAnalysis_Agent,"[""docs/phase0b/critical_before.json"", ""tests/test_phase0b_critical.py::test_c07_pending_cannot_capture_complete_new_task_with_missing_execution_slot"", ""User Critical Multi-turn Scenario 7""]",OPEN,PENDING_ADMISSION|LEGACY|NEW_TASK|relation|pending_hijack,fc1411d4041047d8
critical-08,"[""CRITICAL_SCENARIO_SUITE""]","[""tests/test_phase0b_critical.py::test_c08_field_lineage_does_not_require_metric""]",[],,医院名称字段来自哪个表？,Recognize field target; never request a metric,"def test_c08_field_lineage_does_not_require_metric():
        request = parse('医院名称字段来自哪个表？')
        assert request.primary_intent == PrimaryIntent.DATA_LINEAGE
>       assert 'metric' not in request.missing_slots
E       AssertionError: assert 'metric' not in ['metric']
E        +  where ['metric'] = CanonicalAnalysisRequest(schema_version='1.0', request_id=UUID('8bd6a869-bcad-4c26-9f7e-4959a84bd30a'), conversation_i..._mode='AUTO', confirmed_memory_ids=[], confirmed_preferences=[], dependency_constraints=[], pending_state_version=None).missing_slots

tests\test_phase0b_critical.py:100: AssertionError",lineage_target,OFFLINE_FIXED_CLOCK_FIXTURE,RULE_PARSE,REAL_PRODUCTION_BUG,P0,DataAnalysis_Agent,"[""docs/phase0b/critical_before.json"", ""tests/test_phase0b_critical.py::test_c08_field_lineage_does_not_require_metric"", ""User Critical Multi-turn Scenario 8""]",OPEN,RULE_PARSE|LEGACY|NEW_TASK|lineage_target|lineage_requires_metric,03e1c8c8361b576f
critical-09,"[""CRITICAL_SCENARIO_SUITE""]","[""tests/test_phase0b_critical.py::test_c09_governed_default_display_is_used_without_field_question""]",[],Catalog fixture with governed default display,列出TDC-3合作医院,Use permitted governed projection; missing policy is a catalog gap,"def test_c09_governed_default_display_is_used_without_field_question():
        # A controlled catalog fixture, not a claim that the production catalog
        # already publishes this policy. The missing-policy contrast stays blocked.
>       from app.services import legacy_guards
E       ImportError: cannot import name 'legacy_guards' from 'app.services' (E:\YouoAgent\DataAnalysis_Agent\app\services\__init__.py)

tests\test_phase0b_critical.py:106: ImportError",fields,OFFLINE_FIXED_CLOCK_FIXTURE,SEMANTIC_GROUNDING,CATALOG_GOVERNANCE_GAP,P0,DataAnalysis_Agent,"[""docs/phase0b/critical_before.json"", ""tests/test_phase0b_critical.py::test_c09_governed_default_display_is_used_without_field_question"", ""User Critical Multi-turn Scenario 9""]",OPEN,SEMANTIC_GROUNDING|LEGACY|NEW_TASK|fields|catalog_default_display_gap,bb66d68ebecb957c
critical-10,"[""CRITICAL_SCENARIO_SUITE""]","[""tests/test_phase0b_critical.py::test_c10_display_limit_preserves_row_order""]",[],Existing dataset,只看前5条,DISPLAY_LIMIT preserves order without replanning,"def test_c10_display_limit_preserves_row_order():
        rows = [{'销售额': 2}, {'销售额': 9}]
>       assert plan_dataset_followup('只看前5条', ['销售额'], rows) == {'type': 'limit', 'count': 5}
E       AssertionError: assert None == {'count': 5, 'type': 'limit'}
E        +  where None = plan_dataset_followup('只看前5条', ['销售额'], [{'销售额': 2}, {'销售额': 9}])

tests\test_phase0b_critical.py:117: AssertionError",limit,OFFLINE_FIXED_CLOCK_FIXTURE,DATASET_FOLLOWUP,REAL_PRODUCTION_BUG,P0,DataAnalysis_Agent,"[""docs/phase0b/critical_before.json"", ""tests/test_phase0b_critical.py::test_c10_display_limit_preserves_row_order"", ""User Critical Multi-turn Scenario 10""]",OPEN,DATASET_FOLLOWUP|LEGACY|FOLLOW_UP|limit|display_limit_unrecognized,a9240d5ad7d840f8
critical-11,"[""CRITICAL_SCENARIO_SUITE""]","[""tests/test_phase0b_critical.py::test_c11_ranking_uses_requested_count_and_order""]",[],Existing complete dataset,销售额最高5名,GLOBAL_RANKING descending count 5,"def test_c11_ranking_uses_requested_count_and_order():
        operation = plan_dataset_followup('销售额最高5名', ['销售额'], [{'销售额': 2}, {'销售额': 9}])
>       assert operation == {'type': 'sort_limit', 'field': '销售额', 'descending': True, 'count': 5}
E       AssertionError: assert {'count': 1, ... 'sort_limit'} == {'count': 5, ... 'sort_limit'}
E
E         Omitting 3 identical items, use -vv to show
E         Differing items:
E         {'count': 1} != {'count': 5}
E         Use -v to get more diff

tests\test_phase0b_critical.py:122: AssertionError",ranking,OFFLINE_FIXED_CLOCK_FIXTURE,DATASET_FOLLOWUP,REAL_PRODUCTION_BUG,P0,DataAnalysis_Agent,"[""docs/phase0b/critical_before.json"", ""tests/test_phase0b_critical.py::test_c11_ranking_uses_requested_count_and_order"", ""User Critical Multi-turn Scenario 11""]",OPEN,DATASET_FOLLOWUP|LEGACY|FOLLOW_UP|ranking|ranking_count_ignored,e50b96526de8bb35
critical-12,"[""CRITICAL_SCENARIO_SUITE""]","[""tests/test_phase0b_critical.py::test_c12_truncated_dataset_cannot_establish_global_top5""]",[],Existing truncated dataset,销售额最高5名,Never establish global Top5 from incomplete rows,"def test_c12_truncated_dataset_cannot_establish_global_top5():
>       assert plan_dataset_followup('销售额最高5名', ['销售额'], [{'销售额': 2}], source_complete=False) is None
               ^^^^^^^^^^^^^^^^^^^^^^^^^^^^^^^^^^^^^^^^^^^^^^^^^^^^^^^^^^^^^^^^^^^^^^^^^^^^^^
E       TypeError: plan_dataset_followup() got an unexpected keyword argument 'source_complete'

tests\test_phase0b_critical.py:126: TypeError",completeness,OFFLINE_FIXED_CLOCK_FIXTURE,DATASET_FOLLOWUP,REAL_PRODUCTION_BUG,P0,DataAnalysis_Agent,"[""docs/phase0b/critical_before.json"", ""tests/test_phase0b_critical.py::test_c12_truncated_dataset_cannot_establish_global_top5"", ""User Critical Multi-turn Scenario 12""]",OPEN,DATASET_FOLLOWUP|LEGACY|FOLLOW_UP|completeness|explicit_completeness_guard_missing,34557a597b12af99
critical-13,"[""CRITICAL_SCENARIO_SUITE""]","[""tests/test_phase0b_critical.py::test_c13_quantity_surface_is_not_lost_as_attribute""]",[],,销售数量,Quantity metric is retained; no repeated metric question,PASS,metric,OFFLINE_FIXED_CLOCK_FIXTURE,SEMANTIC_GROUNDING,LEGACY_BEHAVIOR_DEBT,P1,DataAnalysis_Agent,"[""docs/phase0b/critical_before.json"", ""tests/test_phase0b_critical.py::test_c13_quantity_surface_is_not_lost_as_attribute"", ""User Critical Multi-turn Scenario 13""]",PASS_AT_BASELINE,SEMANTIC_GROUNDING|LEGACY|NEW_TASK|metric|metric_attribute_role_collision,cf506d7a4645bdb5
critical-14,"[""CRITICAL_SCENARIO_SUITE""]","[""tests/test_phase0b_critical.py::test_c14_product_name_role_depends_on_requested_operation""]",[],,列出商品名称 / 按商品名称统计销售额,Attribute projection vs grouping determined by action,"def test_c14_product_name_role_depends_on_requested_operation():
        listing, grouping = parse('列出商品名称'), parse('按商品名称统计销售额')
        assert listing.primary_intent == PrimaryIntent.DETAIL_QUERY
>       assert '商品名称' in listing.fields
E       AssertionError: assert '商品名称' in []
E        +  where [] = CanonicalAnalysisRequest(schema_version='1.0', request_id=UUID('215b8227-8d9c-4c05-9e5a-47dacb04e6af'), conversation_i..._mode='AUTO', confirmed_memory_ids=[], confirmed_preferences=[], dependency_constraints=[], pending_state_version=None).fields

tests\test_phase0b_critical.py:138: AssertionError",fields,OFFLINE_FIXED_CLOCK_FIXTURE,RULE_PARSE,REAL_PRODUCTION_BUG,P0,DataAnalysis_Agent,"[""docs/phase0b/critical_before.json"", ""tests/test_phase0b_critical.py::test_c14_product_name_role_depends_on_requested_operation"", ""User Critical Multi-turn Scenario 14""]",OPEN,RULE_PARSE|LEGACY|NEW_TASK|fields|explicit_attribute_lost,d4efecf1a82f6db7
critical-15,"[""CRITICAL_SCENARIO_SUITE""]","[""tests/test_phase0b_critical.py::test_c15_default_time_cannot_determine_turn_relation""]",[],上海销售额,查询订单笔数,Default time/readiness cannot change turn relation,"def test_c15_default_time_cannot_determine_turn_relation():
        previous, current = parse('上海销售额'), parse('查询订单笔数')
        gate = TurnAdmissionGate()
        first = gate.evaluate(question=current.original_question, current=current, previous=previous, message_id='m2')
        current.time_range = None
        current.missing_slots = ['time_range']
        second = gate.evaluate(question=current.original_question, current=current, previous=previous, message_id='m2')
>       assert first.relation == second.relation == TurnRelation.STANDALONE_NEW_TOPIC
E       AssertionError: assert <TurnRelation...NE_NEW_TOPIC'> == <TurnRelation...OUS_RELATION'>
E
E         - AMBIGUOUS_RELATION
E         + STANDALONE_NEW_TOPIC

tests\test_phase0b_critical.py:150: AssertionError",time_range,OFFLINE_FIXED_CLOCK_FIXTURE,TURN_ADMISSION,REAL_PRODUCTION_BUG,P0,DataAnalysis_Agent,"[""docs/phase0b/critical_before.json"", ""tests/test_phase0b_critical.py::test_c15_default_time_cannot_determine_turn_relation"", ""User Critical Multi-turn Scenario 15""]",OPEN,TURN_ADMISSION|LEGACY|NEW_TASK|time_range|readiness_pollutes_relation,a5992e53c912b53b
