case_id,corpus,status,current_utterance,history,first_divergence_stage,root_cause_id,severity,cutover_blocker,confidence,reason,execution_boundary,failed_turn_index,actual_rejection,observed_axes,downstream_effect,evidence,evidence_hash,complete_semantic_gold_evaluable,full_plan_accuracy,retained_missing_labels
G81-001,100_PARSER_AXIS_GOLD,FAIL,列出产品线名单,[],QUERY_SHAPE,RC-SHAPE-LIST,P1,True,PROVEN,Plain entity name/list requests predict RELATION_LIST without a stated relationship instead of DETAIL_ROWS. Span-failed list cases are counted only under their earlier boundary cause.,CURRENT_TURN_PARSER_ONLY,,,"{""query_shape"": false, ""turn_relation"": true, ""mentions"": true}",[],"[""docs/v2_cutover/transition_runner/parser_v8_predictions.jsonl"", ""docs/cutover/evaluation_gates/gold_axes.jsonl"", ""tools/cutover/run_parser_benchmark.py:25""]",1912826ba3cd9343bb333052a1aa3bea1aa509dfd16b0f4d1c77998ca880d255,False,NOT_ESTABLISHED,"[""SQL"", ""source_result"", ""canonical_binding"", ""complete_task_state""]"
G81-002,100_PARSER_AXIS_GOLD,FAIL,列出科室名单,[],MENTION_BOUNDARY,RC-BOUNDARY-OBJECT,P1,True,PROVEN,Current semantic spans absorb list/record/relation cue text into the entity object; exact catalog surface is no longer a separate mention.,CURRENT_TURN_PARSER_ONLY,,,"{""query_shape"": false, ""turn_relation"": true, ""mentions"": false}","[{""stage"": ""QUERY_SHAPE"", ""evidence"": ""Recorded parser axis mismatch"", ""axis"": ""query_shape"", ""causal_order"": ""Co-observed proxy; not an independently counted production defect""}]","[""docs/v2_cutover/transition_runner/parser_v8_predictions.jsonl"", ""docs/cutover/evaluation_gates/gold_axes.jsonl"", ""tools/cutover/run_parser_benchmark.py:25""]",975696fd089f95abd226c4ef372e99b2559f96e6c04c1f4eb3ee307191ce1f11,False,NOT_ESTABLISHED,"[""SQL"", ""source_result"", ""canonical_binding"", ""complete_task_state""]"
G81-003,100_PARSER_AXIS_GOLD,FAIL,列出城市名单,[],QUERY_SHAPE,RC-SHAPE-LIST,P1,True,PROVEN,Plain entity name/list requests predict RELATION_LIST without a stated relationship instead of DETAIL_ROWS. Span-failed list cases are counted only under their earlier boundary cause.,CURRENT_TURN_PARSER_ONLY,,,"{""query_shape"": false, ""turn_relation"": true, ""mentions"": true}",[],"[""docs/v2_cutover/transition_runner/parser_v8_predictions.jsonl"", ""docs/cutover/evaluation_gates/gold_axes.jsonl"", ""tools/cutover/run_parser_benchmark.py:25""]",0580571cc9b88987e9fa327ac6e8bd645c3c98ad36060298c0382ae1c6da2d20,False,NOT_ESTABLISHED,"[""SQL"", ""source_result"", ""canonical_binding"", ""complete_task_state""]"
G81-004,100_PARSER_AXIS_GOLD,FAIL,列出商品科室关联记录,[],MENTION_BOUNDARY,RC-BOUNDARY-OBJECT,P1,True,PROVEN,Current semantic spans absorb list/record/relation cue text into the entity object; exact catalog surface is no longer a separate mention.,CURRENT_TURN_PARSER_ONLY,,,"{""query_shape"": false, ""turn_relation"": true, ""mentions"": false}","[{""stage"": ""QUERY_SHAPE"", ""evidence"": ""Recorded parser axis mismatch"", ""axis"": ""query_shape"", ""causal_order"": ""Co-observed proxy; not an independently counted production defect""}]","[""docs/v2_cutover/transition_runner/parser_v8_predictions.jsonl"", ""docs/cutover/evaluation_gates/gold_axes.jsonl"", ""tools/cutover/run_parser_benchmark.py:25""]",2b3907a3568bc191f549893c8f715f61fe265880b3618ba9a8228951617c0e32,False,NOT_ESTABLISHED,"[""SQL"", ""source_result"", ""canonical_binding"", ""complete_task_state""]"
G81-005,100_PARSER_AXIS_GOLD,FAIL,列出商品名单,[],MENTION_BOUNDARY,RC-BOUNDARY-OBJECT,P1,True,PROVEN,Current semantic spans absorb list/record/relation cue text into the entity object; exact catalog surface is no longer a separate mention.,CURRENT_TURN_PARSER_ONLY,,,"{""query_shape"": false, ""turn_relation"": true, ""mentions"": false}","[{""stage"": ""QUERY_SHAPE"", ""evidence"": ""Recorded parser axis mismatch"", ""axis"": ""query_shape"", ""causal_order"": ""Co-observed proxy; not an independently counted production defect""}]","[""docs/v2_cutover/transition_runner/parser_v8_predictions.jsonl"", ""docs/cutover/evaluation_gates/gold_axes.jsonl"", ""tools/cutover/run_parser_benchmark.py:25""]",2b149f478529938823272a5263c9bdb7a7ad50c16c028daa8c4a89d4813164c8,False,NOT_ESTABLISHED,"[""SQL"", ""source_result"", ""canonical_binding"", ""complete_task_state""]"
G81-006,100_PARSER_AXIS_GOLD,FAIL,列出销售订单记录,[],MENTION_BOUNDARY,RC-BOUNDARY-OBJECT,P1,True,PROVEN,Current semantic spans absorb list/record/relation cue text into the entity object; exact catalog surface is no longer a separate mention.,CURRENT_TURN_PARSER_ONLY,,,"{""query_shape"": true, ""turn_relation"": true, ""mentions"": false}",[],"[""docs/v2_cutover/transition_runner/parser_v8_predictions.jsonl"", ""docs/cutover/evaluation_gates/gold_axes.jsonl"", ""tools/cutover/run_parser_benchmark.py:25""]",8ae60fb2a2014c5b20a18a23a2fe106ecc3104339dd94a2be37301311c5f2def,False,NOT_ESTABLISHED,"[""SQL"", ""source_result"", ""canonical_binding"", ""complete_task_state""]"
G81-007,100_PARSER_AXIS_GOLD,FAIL,列出经销商名单,[],QUERY_SHAPE,RC-SHAPE-LIST,P1,True,PROVEN,Plain entity name/list requests predict RELATION_LIST without a stated relationship instead of DETAIL_ROWS. Span-failed list cases are counted only under their earlier boundary cause.,CURRENT_TURN_PARSER_ONLY,,,"{""query_shape"": false, ""turn_relation"": true, ""mentions"": true}",[],"[""docs/v2_cutover/transition_runner/parser_v8_predictions.jsonl"", ""docs/cutover/evaluation_gates/gold_axes.jsonl"", ""tools/cutover/run_parser_benchmark.py:25""]",c06289110f353a29aa721f7eadbf562e00d81a2b154e1dbd1e90007b2da526a9,False,NOT_ESTABLISHED,"[""SQL"", ""source_result"", ""canonical_binding"", ""complete_task_state""]"
G81-008,100_PARSER_AXIS_GOLD,FAIL,列出生产厂家名单,[],QUERY_SHAPE,RC-SHAPE-LIST,P1,True,PROVEN,Plain entity name/list requests predict RELATION_LIST without a stated relationship instead of DETAIL_ROWS. Span-failed list cases are counted only under their earlier boundary cause.,CURRENT_TURN_PARSER_ONLY,,,"{""query_shape"": false, ""turn_relation"": true, ""mentions"": true}",[],"[""docs/v2_cutover/transition_runner/parser_v8_predictions.jsonl"", ""docs/cutover/evaluation_gates/gold_axes.jsonl"", ""tools/cutover/run_parser_benchmark.py:25""]",1051a3e929e644300bb2b51c116844916c227aef6e7490fbe255a50fdc4a0a7f,False,NOT_ESTABLISHED,"[""SQL"", ""source_result"", ""canonical_binding"", ""complete_task_state""]"
G81-009,100_PARSER_AXIS_GOLD,FAIL,列出销售项目名单,[],QUERY_SHAPE,RC-SHAPE-LIST,P1,True,PROVEN,Plain entity name/list requests predict RELATION_LIST without a stated relationship instead of DETAIL_ROWS. Span-failed list cases are counted only under their earlier boundary cause.,CURRENT_TURN_PARSER_ONLY,,,"{""query_shape"": false, ""turn_relation"": true, ""mentions"": true}",[],"[""docs/v2_cutover/transition_runner/parser_v8_predictions.jsonl"", ""docs/cutover/evaluation_gates/gold_axes.jsonl"", ""tools/cutover/run_parser_benchmark.py:25""]",89c6798db3bbc9f7bc9d62c64d5d7e99e345746ce1bb4afa5c9b67b53edb2957,False,NOT_ESTABLISHED,"[""SQL"", ""source_result"", ""canonical_binding"", ""complete_task_state""]"
G81-010,100_PARSER_AXIS_GOLD,FAIL,列出销售公司名单,[],QUERY_SHAPE,RC-SHAPE-LIST,P1,True,PROVEN,Plain entity name/list requests predict RELATION_LIST without a stated relationship instead of DETAIL_ROWS. Span-failed list cases are counted only under their earlier boundary cause.,CURRENT_TURN_PARSER_ONLY,,,"{""query_shape"": false, ""turn_relation"": true, ""mentions"": true}",[],"[""docs/v2_cutover/transition_runner/parser_v8_predictions.jsonl"", ""docs/cutover/evaluation_gates/gold_axes.jsonl"", ""tools/cutover/run_parser_benchmark.py:25""]",4ec3e7c391ef39804d9e479ef5e830c9becbfd7f120a78db1b2cf6f33b4e6fda,False,NOT_ESTABLISHED,"[""SQL"", ""source_result"", ""canonical_binding"", ""complete_task_state""]"
G81-011,100_PARSER_AXIS_GOLD,FAIL,列出业务员名单,[],QUERY_SHAPE,RC-SHAPE-LIST,P1,True,PROVEN,Plain entity name/list requests predict RELATION_LIST without a stated relationship instead of DETAIL_ROWS. Span-failed list cases are counted only under their earlier boundary cause.,CURRENT_TURN_PARSER_ONLY,,,"{""query_shape"": false, ""turn_relation"": true, ""mentions"": true}",[],"[""docs/v2_cutover/transition_runner/parser_v8_predictions.jsonl"", ""docs/cutover/evaluation_gates/gold_axes.jsonl"", ""tools/cutover/run_parser_benchmark.py:25""]",6fca2169773a9dd8aae574c1da7ee038394a910e1e1b1c6d4f61b1c895c99805,False,NOT_ESTABLISHED,"[""SQL"", ""source_result"", ""canonical_binding"", ""complete_task_state""]"
G81-012,100_PARSER_AXIS_GOLD,FAIL,列出省份名单,[],QUERY_SHAPE,RC-SHAPE-LIST,P1,True,PROVEN,Plain entity name/list requests predict RELATION_LIST without a stated relationship instead of DETAIL_ROWS. Span-failed list cases are counted only under their earlier boundary cause.,CURRENT_TURN_PARSER_ONLY,,,"{""query_shape"": false, ""turn_relation"": true, ""mentions"": true}",[],"[""docs/v2_cutover/transition_runner/parser_v8_predictions.jsonl"", ""docs/cutover/evaluation_gates/gold_axes.jsonl"", ""tools/cutover/run_parser_benchmark.py:25""]",f6b911fb0f12a3200554c9e32dcc2c001c907c4c5153a63b73a5e485089e0910,False,NOT_ESTABLISHED,"[""SQL"", ""source_result"", ""canonical_binding"", ""complete_task_state""]"
G81-013,100_PARSER_AXIS_GOLD,FAIL,列出产品分类名单,[],MENTION_BOUNDARY,RC-BOUNDARY-OBJECT,P1,True,PROVEN,Current semantic spans absorb list/record/relation cue text into the entity object; exact catalog surface is no longer a separate mention.,CURRENT_TURN_PARSER_ONLY,,,"{""query_shape"": false, ""turn_relation"": true, ""mentions"": false}","[{""stage"": ""QUERY_SHAPE"", ""evidence"": ""Recorded parser axis mismatch"", ""axis"": ""query_shape"", ""causal_order"": ""Co-observed proxy; not an independently counted production defect""}]","[""docs/v2_cutover/transition_runner/parser_v8_predictions.jsonl"", ""docs/cutover/evaluation_gates/gold_axes.jsonl"", ""tools/cutover/run_parser_benchmark.py:25""]",edc1860086917663a04f38b8f456b10f9a31c86d6eb7b19039d97e8059ad9159,False,NOT_ESTABLISHED,"[""SQL"", ""source_result"", ""canonical_binding"", ""complete_task_state""]"
G81-014,100_PARSER_AXIS_GOLD,FAIL,列出医院名单,[],QUERY_SHAPE,RC-SHAPE-LIST,P1,True,PROVEN,Plain entity name/list requests predict RELATION_LIST without a stated relationship instead of DETAIL_ROWS. Span-failed list cases are counted only under their earlier boundary cause.,CURRENT_TURN_PARSER_ONLY,,,"{""query_shape"": false, ""turn_relation"": true, ""mentions"": true}",[],"[""docs/v2_cutover/transition_runner/parser_v8_predictions.jsonl"", ""docs/cutover/evaluation_gates/gold_axes.jsonl"", ""tools/cutover/run_parser_benchmark.py:25""]",282b1494d0301c40a2370ebd5fa4ad42c44570806b75819dc4f11bff18038ea1,False,NOT_ESTABLISHED,"[""SQL"", ""source_result"", ""canonical_binding"", ""complete_task_state""]"
G81-015,100_PARSER_AXIS_GOLD,PASS,查询含税销售总额,[],,,,False,PASS_FOR_LISTED_AXES_ONLY,All supplied labeled axes passed; full semantic acceptance is not established,CURRENT_TURN_PARSER_ONLY,,,"{""query_shape"": true, ""turn_relation"": true, ""mentions"": true}",[],"[""docs/v2_cutover/transition_runner/parser_v8_predictions.jsonl"", ""docs/cutover/evaluation_gates/gold_axes.jsonl"", ""tools/cutover/run_parser_benchmark.py:25""]",a39bd2775adcb59b39305852d2307c22cf02cf0eaa9a9079a84b2b79d603f568,False,NOT_ESTABLISHED,"[""SQL"", ""source_result"", ""canonical_binding"", ""complete_task_state""]"
G81-016,100_PARSER_AXIS_GOLD,PASS,请告诉我含税销售总额,[],,,,False,PASS_FOR_LISTED_AXES_ONLY,All supplied labeled axes passed; full semantic acceptance is not established,CURRENT_TURN_PARSER_ONLY,,,"{""query_shape"": true, ""turn_relation"": true, ""mentions"": true}",[],"[""docs/v2_cutover/transition_runner/parser_v8_predictions.jsonl"", ""docs/cutover/evaluation_gates/gold_axes.jsonl"", ""tools/cutover/run_parser_benchmark.py:25""]",f4c389d390516f323c79b0c6f756eba2a1b0ff23cdd1871925cb8d20a6374c02,False,NOT_ESTABLISHED,"[""SQL"", ""source_result"", ""canonical_binding"", ""complete_task_state""]"
G81-017,100_PARSER_AXIS_GOLD,PASS,查询不含税销售总额,[],,,,False,PASS_FOR_LISTED_AXES_ONLY,All supplied labeled axes passed; full semantic acceptance is not established,CURRENT_TURN_PARSER_ONLY,,,"{""query_shape"": true, ""turn_relation"": true, ""mentions"": true}",[],"[""docs/v2_cutover/transition_runner/parser_v8_predictions.jsonl"", ""docs/cutover/evaluation_gates/gold_axes.jsonl"", ""tools/cutover/run_parser_benchmark.py:25""]",f7efe0a7739244ae27b9ae2ddaf961b797dc1b1aadf2b31c5975b4838f2797c0,False,NOT_ESTABLISHED,"[""SQL"", ""source_result"", ""canonical_binding"", ""complete_task_state""]"
G81-018,100_PARSER_AXIS_GOLD,PASS,请告诉我不含税销售总额,[],,,,False,PASS_FOR_LISTED_AXES_ONLY,All supplied labeled axes passed; full semantic acceptance is not established,CURRENT_TURN_PARSER_ONLY,,,"{""query_shape"": true, ""turn_relation"": true, ""mentions"": true}",[],"[""docs/v2_cutover/transition_runner/parser_v8_predictions.jsonl"", ""docs/cutover/evaluation_gates/gold_axes.jsonl"", ""tools/cutover/run_parser_benchmark.py:25""]",d7b804ec823472925e28ae171248ca4db6f0f247153aae365e83921df90b941f,False,NOT_ESTABLISHED,"[""SQL"", ""source_result"", ""canonical_binding"", ""complete_task_state""]"
G81-019,100_PARSER_AXIS_GOLD,PASS,查询销售总成本,[],,,,False,PASS_FOR_LISTED_AXES_ONLY,All supplied labeled axes passed; full semantic acceptance is not established,CURRENT_TURN_PARSER_ONLY,,,"{""query_shape"": true, ""turn_relation"": true, ""mentions"": true}",[],"[""docs/v2_cutover/transition_runner/parser_v8_predictions.jsonl"", ""docs/cutover/evaluation_gates/gold_axes.jsonl"", ""tools/cutover/run_parser_benchmark.py:25""]",243b00ca8bf23181a481bf759429643d5d55c2a9305ef96796f29a211f4afcc7,False,NOT_ESTABLISHED,"[""SQL"", ""source_result"", ""canonical_binding"", ""complete_task_state""]"
G81-020,100_PARSER_AXIS_GOLD,PASS,请告诉我销售总成本,[],,,,False,PASS_FOR_LISTED_AXES_ONLY,All supplied labeled axes passed; full semantic acceptance is not established,CURRENT_TURN_PARSER_ONLY,,,"{""query_shape"": true, ""turn_relation"": true, ""mentions"": true}",[],"[""docs/v2_cutover/transition_runner/parser_v8_predictions.jsonl"", ""docs/cutover/evaluation_gates/gold_axes.jsonl"", ""tools/cutover/run_parser_benchmark.py:25""]",519204809a695f2d199467d498e918993fe27527c4effdd47bd4b2bf95409705,False,NOT_ESTABLISHED,"[""SQL"", ""source_result"", ""canonical_binding"", ""complete_task_state""]"
G81-021,100_PARSER_AXIS_GOLD,PASS,查询销售总数量,[],,,,False,PASS_FOR_LISTED_AXES_ONLY,All supplied labeled axes passed; full semantic acceptance is not established,CURRENT_TURN_PARSER_ONLY,,,"{""query_shape"": true, ""turn_relation"": true, ""mentions"": true}",[],"[""docs/v2_cutover/transition_runner/parser_v8_predictions.jsonl"", ""docs/cutover/evaluation_gates/gold_axes.jsonl"", ""tools/cutover/run_parser_benchmark.py:25""]",20b8a61d09f158cba764483a41beb8514a9954247ebf7c7c5ae2766f81660410,False,NOT_ESTABLISHED,"[""SQL"", ""source_result"", ""canonical_binding"", ""complete_task_state""]"
G81-022,100_PARSER_AXIS_GOLD,PASS,请告诉我销售总数量,[],,,,False,PASS_FOR_LISTED_AXES_ONLY,All supplied labeled axes passed; full semantic acceptance is not established,CURRENT_TURN_PARSER_ONLY,,,"{""query_shape"": true, ""turn_relation"": true, ""mentions"": true}",[],"[""docs/v2_cutover/transition_runner/parser_v8_predictions.jsonl"", ""docs/cutover/evaluation_gates/gold_axes.jsonl"", ""tools/cutover/run_parser_benchmark.py:25""]",beb8bc0dc906ce8ffb55dc9ce05d763d5e28aba7bfb89d1c2b4df7cc2940e214,False,NOT_ESTABLISHED,"[""SQL"", ""source_result"", ""canonical_binding"", ""complete_task_state""]"
G81-023,100_PARSER_AXIS_GOLD,PASS,查询订单笔数,[],,,,False,PASS_FOR_LISTED_AXES_ONLY,All supplied labeled axes passed; full semantic acceptance is not established,CURRENT_TURN_PARSER_ONLY,,,"{""query_shape"": true, ""turn_relation"": true, ""mentions"": true}",[],"[""docs/v2_cutover/transition_runner/parser_v8_predictions.jsonl"", ""docs/cutover/evaluation_gates/gold_axes.jsonl"", ""tools/cutover/run_parser_benchmark.py:25""]",8fc0e9529ef0cf8d05bf27a4f28f9badfb8b839da1073cef5f6780217dece8bc,False,NOT_ESTABLISHED,"[""SQL"", ""source_result"", ""canonical_binding"", ""complete_task_state""]"
G81-024,100_PARSER_AXIS_GOLD,PASS,请告诉我订单笔数,[],,,,False,PASS_FOR_LISTED_AXES_ONLY,All supplied labeled axes passed; full semantic acceptance is not established,CURRENT_TURN_PARSER_ONLY,,,"{""query_shape"": true, ""turn_relation"": true, ""mentions"": true}",[],"[""docs/v2_cutover/transition_runner/parser_v8_predictions.jsonl"", ""docs/cutover/evaluation_gates/gold_axes.jsonl"", ""tools/cutover/run_parser_benchmark.py:25""]",06d0789a54ead104519f791173e48cb6fe836979f4ab7a4708f9fdfd7b06420e,False,NOT_ESTABLISHED,"[""SQL"", ""source_result"", ""canonical_binding"", ""complete_task_state""]"
G81-025,100_PARSER_AXIS_GOLD,PASS,查询已合作经销商数,[],,,,False,PASS_FOR_LISTED_AXES_ONLY,All supplied labeled axes passed; full semantic acceptance is not established,CURRENT_TURN_PARSER_ONLY,,,"{""query_shape"": true, ""turn_relation"": true, ""mentions"": true}",[],"[""docs/v2_cutover/transition_runner/parser_v8_predictions.jsonl"", ""docs/cutover/evaluation_gates/gold_axes.jsonl"", ""tools/cutover/run_parser_benchmark.py:25""]",3a405431f96529607390b3db642498ed5b7b4ff3b3aefcc3af85c6754f7f10c6,False,NOT_ESTABLISHED,"[""SQL"", ""source_result"", ""canonical_binding"", ""complete_task_state""]"
G81-026,100_PARSER_AXIS_GOLD,PASS,请告诉我已合作经销商数,[],,,,False,PASS_FOR_LISTED_AXES_ONLY,All supplied labeled axes passed; full semantic acceptance is not established,CURRENT_TURN_PARSER_ONLY,,,"{""query_shape"": true, ""turn_relation"": true, ""mentions"": true}",[],"[""docs/v2_cutover/transition_runner/parser_v8_predictions.jsonl"", ""docs/cutover/evaluation_gates/gold_axes.jsonl"", ""tools/cutover/run_parser_benchmark.py:25""]",81189a431aab48daaf7e7b0b2476a2aa0a5de1099d21b0534fb65b72536a62e7,False,NOT_ESTABLISHED,"[""SQL"", ""source_result"", ""canonical_binding"", ""complete_task_state""]"
G81-027,100_PARSER_AXIS_GOLD,PASS,查询已合作医院数,[],,,,False,PASS_FOR_LISTED_AXES_ONLY,All supplied labeled axes passed; full semantic acceptance is not established,CURRENT_TURN_PARSER_ONLY,,,"{""query_shape"": true, ""turn_relation"": true, ""mentions"": true}",[],"[""docs/v2_cutover/transition_runner/parser_v8_predictions.jsonl"", ""docs/cutover/evaluation_gates/gold_axes.jsonl"", ""tools/cutover/run_parser_benchmark.py:25""]",aec6d8978d451532ac5879238d12c431ecb5cd235d50a2b9dc86d9f66d79a42f,False,NOT_ESTABLISHED,"[""SQL"", ""source_result"", ""canonical_binding"", ""complete_task_state""]"
G81-028,100_PARSER_AXIS_GOLD,PASS,请告诉我已合作医院数,[],,,,False,PASS_FOR_LISTED_AXES_ONLY,All supplied labeled axes passed; full semantic acceptance is not established,CURRENT_TURN_PARSER_ONLY,,,"{""query_shape"": true, ""turn_relation"": true, ""mentions"": true}",[],"[""docs/v2_cutover/transition_runner/parser_v8_predictions.jsonl"", ""docs/cutover/evaluation_gates/gold_axes.jsonl"", ""tools/cutover/run_parser_benchmark.py:25""]",94aba53b52a4f584176e5bf7593337dc4e0a73944b172084c22c6c5c76cfb24f,False,NOT_ESTABLISHED,"[""SQL"", ""source_result"", ""canonical_binding"", ""complete_task_state""]"
G81-029,100_PARSER_AXIS_GOLD,FAIL,查询区域全部医院总数,[],MENTION_BOUNDARY,RC-BOUNDARY-METRIC,P0,True,PROVEN,One exact governed compound metric is split into entity/filter/measure pieces. Current recovery deliberately requires contiguous compatible pieces; these captures do not satisfy it.,CURRENT_TURN_PARSER_ONLY,,,"{""query_shape"": true, ""turn_relation"": true, ""mentions"": false}",[],"[""docs/v2_cutover/transition_runner/parser_v8_predictions.jsonl"", ""docs/cutover/evaluation_gates/gold_axes.jsonl"", ""tools/cutover/run_parser_benchmark.py:25""]",6e97a374df74a3bdc3a21c6be9b0dfcef04aaf9a7bbfc7f1f21f8d24b912ef17,False,NOT_ESTABLISHED,"[""SQL"", ""source_result"", ""canonical_binding"", ""complete_task_state""]"
G81-030,100_PARSER_AXIS_GOLD,FAIL,请告诉我区域全部医院总数,[],MENTION_BOUNDARY,RC-BOUNDARY-METRIC,P0,True,PROVEN,One exact governed compound metric is split into entity/filter/measure pieces. Current recovery deliberately requires contiguous compatible pieces; these captures do not satisfy it.,CURRENT_TURN_PARSER_ONLY,,,"{""query_shape"": true, ""turn_relation"": true, ""mentions"": false}",[],"[""docs/v2_cutover/transition_runner/parser_v8_predictions.jsonl"", ""docs/cutover/evaluation_gates/gold_axes.jsonl"", ""tools/cutover/run_parser_benchmark.py:25""]",95e63f008c1f0977bb4438707fd50e6fe787afa35c9373c4d544f1c11474f7ac,False,NOT_ESTABLISHED,"[""SQL"", ""source_result"", ""canonical_binding"", ""complete_task_state""]"
G81-031,100_PARSER_AXIS_GOLD,PASS,查询合作时长,[],,,,False,PASS_FOR_LISTED_AXES_ONLY,All supplied labeled axes passed; full semantic acceptance is not established,CURRENT_TURN_PARSER_ONLY,,,"{""query_shape"": true, ""turn_relation"": true, ""mentions"": true}",[],"[""docs/v2_cutover/transition_runner/parser_v8_predictions.jsonl"", ""docs/cutover/evaluation_gates/gold_axes.jsonl"", ""tools/cutover/run_parser_benchmark.py:25""]",5be40d879ee3a8d83b242a7ebc4738e978ceb2c8e374414e4093b74a478609df,False,NOT_ESTABLISHED,"[""SQL"", ""source_result"", ""canonical_binding"", ""complete_task_state""]"
G81-032,100_PARSER_AXIS_GOLD,PASS,请告诉我合作时长,[],,,,False,PASS_FOR_LISTED_AXES_ONLY,All supplied labeled axes passed; full semantic acceptance is not established,CURRENT_TURN_PARSER_ONLY,,,"{""query_shape"": true, ""turn_relation"": true, ""mentions"": true}",[],"[""docs/v2_cutover/transition_runner/parser_v8_predictions.jsonl"", ""docs/cutover/evaluation_gates/gold_axes.jsonl"", ""tools/cutover/run_parser_benchmark.py:25""]",5caecb5825fe8da2e75648863eb0297446644f171476221745503ae6b8c25db9,False,NOT_ESTABLISHED,"[""SQL"", ""source_result"", ""canonical_binding"", ""complete_task_state""]"
G81-033,100_PARSER_AXIS_GOLD,FAIL,查询医院下属科室数量,[],MENTION_BOUNDARY,RC-BOUNDARY-METRIC,P0,True,PROVEN,One exact governed compound metric is split into entity/filter/measure pieces. Current recovery deliberately requires contiguous compatible pieces; these captures do not satisfy it.,CURRENT_TURN_PARSER_ONLY,,,"{""query_shape"": true, ""turn_relation"": true, ""mentions"": false}",[],"[""docs/v2_cutover/transition_runner/parser_v8_predictions.jsonl"", ""docs/cutover/evaluation_gates/gold_axes.jsonl"", ""tools/cutover/run_parser_benchmark.py:25""]",a84c1626406f02ae85e3be316131882766c758d2c0464abe6b9cff1719dc7f43,False,NOT_ESTABLISHED,"[""SQL"", ""source_result"", ""canonical_binding"", ""complete_task_state""]"
G81-034,100_PARSER_AXIS_GOLD,FAIL,请告诉我医院下属科室数量,[],MENTION_BOUNDARY,RC-BOUNDARY-METRIC,P0,True,PROVEN,One exact governed compound metric is split into entity/filter/measure pieces. Current recovery deliberately requires contiguous compatible pieces; these captures do not satisfy it.,CURRENT_TURN_PARSER_ONLY,,,"{""query_shape"": true, ""turn_relation"": true, ""mentions"": false}",[],"[""docs/v2_cutover/transition_runner/parser_v8_predictions.jsonl"", ""docs/cutover/evaluation_gates/gold_axes.jsonl"", ""tools/cutover/run_parser_benchmark.py:25""]",c356c6979383f6af282e2f0808076d1155b1f43973dd70d17c5f3687ef678f98,False,NOT_ESTABLISHED,"[""SQL"", ""source_result"", ""canonical_binding"", ""complete_task_state""]"
G81-035,100_PARSER_AXIS_GOLD,PASS,查询区域医院覆盖率,[],,,,False,PASS_FOR_LISTED_AXES_ONLY,All supplied labeled axes passed; full semantic acceptance is not established,CURRENT_TURN_PARSER_ONLY,,,"{""query_shape"": true, ""turn_relation"": true, ""mentions"": true}",[],"[""docs/v2_cutover/transition_runner/parser_v8_predictions.jsonl"", ""docs/cutover/evaluation_gates/gold_axes.jsonl"", ""tools/cutover/run_parser_benchmark.py:25""]",1a6b92f8416061effb51dc3bebface4301adae6c8895b1f8d926908ce1195af0,False,NOT_ESTABLISHED,"[""SQL"", ""source_result"", ""canonical_binding"", ""complete_task_state""]"
G81-036,100_PARSER_AXIS_GOLD,PASS,请告诉我区域医院覆盖率,[],,,,False,PASS_FOR_LISTED_AXES_ONLY,All supplied labeled axes passed; full semantic acceptance is not established,CURRENT_TURN_PARSER_ONLY,,,"{""query_shape"": true, ""turn_relation"": true, ""mentions"": true}",[],"[""docs/v2_cutover/transition_runner/parser_v8_predictions.jsonl"", ""docs/cutover/evaluation_gates/gold_axes.jsonl"", ""tools/cutover/run_parser_benchmark.py:25""]",93c359660acc0a6b11fc79fd18e6c1930f92c63cb88231c10b6b4e5986d4805e,False,NOT_ESTABLISHED,"[""SQL"", ""source_result"", ""canonical_binding"", ""complete_task_state""]"
G81-037,100_PARSER_AXIS_GOLD,PASS,按医院等级统计订单笔数,[],,,,False,PASS_FOR_LISTED_AXES_ONLY,All supplied labeled axes passed; full semantic acceptance is not established,CURRENT_TURN_PARSER_ONLY,,,"{""turn_relation"": true, ""mentions"": true, ""query_shape"": true}",[],"[""docs/v2_cutover/transition_runner/parser_v8_predictions.jsonl"", ""docs/cutover/evaluation_gates/gold_axes.jsonl"", ""tools/cutover/run_parser_benchmark.py:25""]",c0e6bb9aff6675ab4f03aa8032fea912ac61a9a989df767615b99e2463b64394,False,NOT_ESTABLISHED,"[""SQL"", ""source_result"", ""canonical_binding"", ""complete_task_state""]"
G81-038,100_PARSER_AXIS_GOLD,PASS,按渠道业态统计订单笔数,[],,,,False,PASS_FOR_LISTED_AXES_ONLY,All supplied labeled axes passed; full semantic acceptance is not established,CURRENT_TURN_PARSER_ONLY,,,"{""turn_relation"": true, ""mentions"": true, ""query_shape"": true}",[],"[""docs/v2_cutover/transition_runner/parser_v8_predictions.jsonl"", ""docs/cutover/evaluation_gates/gold_axes.jsonl"", ""tools/cutover/run_parser_benchmark.py:25""]",0372e7e88f077116c3f1b453a8deb94661caf1e0c2b32fad02bdecf626e8d6a3,False,NOT_ESTABLISHED,"[""SQL"", ""source_result"", ""canonical_binding"", ""complete_task_state""]"
G81-039,100_PARSER_AXIS_GOLD,PASS,按交易日期统计订单笔数,[],,,,False,PASS_FOR_LISTED_AXES_ONLY,All supplied labeled axes passed; full semantic acceptance is not established,CURRENT_TURN_PARSER_ONLY,,,"{""turn_relation"": true, ""mentions"": true}",[],"[""docs/v2_cutover/transition_runner/parser_v8_predictions.jsonl"", ""docs/cutover/evaluation_gates/gold_axes.jsonl"", ""tools/cutover/run_parser_benchmark.py:25""]",e3b17f71ec2887db42a998f5505303fa29cf01c586644d600159c4e9f535344e,False,NOT_ESTABLISHED,"[""SQL"", ""source_result"", ""canonical_binding"", ""complete_task_state""]"
G81-040,100_PARSER_AXIS_GOLD,PASS,按商品统计订单笔数,[],,,,False,PASS_FOR_LISTED_AXES_ONLY,All supplied labeled axes passed; full semantic acceptance is not established,CURRENT_TURN_PARSER_ONLY,,,"{""turn_relation"": true, ""mentions"": true, ""query_shape"": true}",[],"[""docs/v2_cutover/transition_runner/parser_v8_predictions.jsonl"", ""docs/cutover/evaluation_gates/gold_axes.jsonl"", ""tools/cutover/run_parser_benchmark.py:25""]",bc50b5675b4c68512afb038e4b7f42bffcf1bbfe6930999773d932ec7cc48c53,False,NOT_ESTABLISHED,"[""SQL"", ""source_result"", ""canonical_binding"", ""complete_task_state""]"
G81-041,100_PARSER_AXIS_GOLD,PASS,按经销商统计订单笔数,[],,,,False,PASS_FOR_LISTED_AXES_ONLY,All supplied labeled axes passed; full semantic acceptance is not established,CURRENT_TURN_PARSER_ONLY,,,"{""turn_relation"": true, ""mentions"": true, ""query_shape"": true}",[],"[""docs/v2_cutover/transition_runner/parser_v8_predictions.jsonl"", ""docs/cutover/evaluation_gates/gold_axes.jsonl"", ""tools/cutover/run_parser_benchmark.py:25""]",4e6eb9a0bd222c453b4bda6059486fc1330eb7821d4820bc0e450fa2caa267d1,False,NOT_ESTABLISHED,"[""SQL"", ""source_result"", ""canonical_binding"", ""complete_task_state""]"
G81-042,100_PARSER_AXIS_GOLD,PASS,按医院统计订单笔数,[],,,,False,PASS_FOR_LISTED_AXES_ONLY,All supplied labeled axes passed; full semantic acceptance is not established,CURRENT_TURN_PARSER_ONLY,,,"{""turn_relation"": true, ""mentions"": true, ""query_shape"": true}",[],"[""docs/v2_cutover/transition_runner/parser_v8_predictions.jsonl"", ""docs/cutover/evaluation_gates/gold_axes.jsonl"", ""tools/cutover/run_parser_benchmark.py:25""]",254107252ec27f02b33195537d74341f23d76a7bf66701b922691506e1907f9e,False,NOT_ESTABLISHED,"[""SQL"", ""source_result"", ""canonical_binding"", ""complete_task_state""]"
G81-043,100_PARSER_AXIS_GOLD,PASS,按业务员统计订单笔数,[],,,,False,PASS_FOR_LISTED_AXES_ONLY,All supplied labeled axes passed; full semantic acceptance is not established,CURRENT_TURN_PARSER_ONLY,,,"{""turn_relation"": true, ""mentions"": true, ""query_shape"": true}",[],"[""docs/v2_cutover/transition_runner/parser_v8_predictions.jsonl"", ""docs/cutover/evaluation_gates/gold_axes.jsonl"", ""tools/cutover/run_parser_benchmark.py:25""]",29bfdaa7958fe9bc95b2b7d0388ec3cc47db6d75b56b4388f5d8c887cf382cc2,False,NOT_ESTABLISHED,"[""SQL"", ""source_result"", ""canonical_binding"", ""complete_task_state""]"
G81-044,100_PARSER_AXIS_GOLD,PASS,按省份统计订单笔数,[],,,,False,PASS_FOR_LISTED_AXES_ONLY,All supplied labeled axes passed; full semantic acceptance is not established,CURRENT_TURN_PARSER_ONLY,,,"{""turn_relation"": true, ""mentions"": true, ""query_shape"": true}",[],"[""docs/v2_cutover/transition_runner/parser_v8_predictions.jsonl"", ""docs/cutover/evaluation_gates/gold_axes.jsonl"", ""tools/cutover/run_parser_benchmark.py:25""]",7d87f766ce67795f3a3922aac85536b578d90ef95c0ce07b4f08407d521c759b,False,NOT_ESTABLISHED,"[""SQL"", ""source_result"", ""canonical_binding"", ""complete_task_state""]"
G81-045,100_PARSER_AXIS_GOLD,PASS,按城市统计订单笔数,[],,,,False,PASS_FOR_LISTED_AXES_ONLY,All supplied labeled axes passed; full semantic acceptance is not established,CURRENT_TURN_PARSER_ONLY,,,"{""turn_relation"": true, ""mentions"": true, ""query_shape"": true}",[],"[""docs/v2_cutover/transition_runner/parser_v8_predictions.jsonl"", ""docs/cutover/evaluation_gates/gold_axes.jsonl"", ""tools/cutover/run_parser_benchmark.py:25""]",6b77cbddea17c0b606f210d05a4a32979fb066da2c1444eeefdfbf8a68723366,False,NOT_ESTABLISHED,"[""SQL"", ""source_result"", ""canonical_binding"", ""complete_task_state""]"
G81-046,100_PARSER_AXIS_GOLD,PASS,按商品品牌统计订单笔数,[],,,,False,PASS_FOR_LISTED_AXES_ONLY,All supplied labeled axes passed; full semantic acceptance is not established,CURRENT_TURN_PARSER_ONLY,,,"{""turn_relation"": true, ""mentions"": true, ""query_shape"": true}",[],"[""docs/v2_cutover/transition_runner/parser_v8_predictions.jsonl"", ""docs/cutover/evaluation_gates/gold_axes.jsonl"", ""tools/cutover/run_parser_benchmark.py:25""]",80b064e245720318474aedc565e7dabc6c56b2acad2bb67bc2598fe386770734,False,NOT_ESTABLISHED,"[""SQL"", ""source_result"", ""canonical_binding"", ""complete_task_state""]"
G81-047,100_PARSER_AXIS_GOLD,PASS,按商品品类统计订单笔数,[],,,,False,PASS_FOR_LISTED_AXES_ONLY,All supplied labeled axes passed; full semantic acceptance is not established,CURRENT_TURN_PARSER_ONLY,,,"{""turn_relation"": true, ""mentions"": true, ""query_shape"": true}",[],"[""docs/v2_cutover/transition_runner/parser_v8_predictions.jsonl"", ""docs/cutover/evaluation_gates/gold_axes.jsonl"", ""tools/cutover/run_parser_benchmark.py:25""]",952dd603ecdfe11148e111638c1c8a6d3e8f28de71e9b84d74947e22ef4a828c,False,NOT_ESTABLISHED,"[""SQL"", ""source_result"", ""canonical_binding"", ""complete_task_state""]"
G81-048,100_PARSER_AXIS_GOLD,PASS,按科室统计订单笔数,[],,,,False,PASS_FOR_LISTED_AXES_ONLY,All supplied labeled axes passed; full semantic acceptance is not established,CURRENT_TURN_PARSER_ONLY,,,"{""turn_relation"": true, ""mentions"": true, ""query_shape"": true}",[],"[""docs/v2_cutover/transition_runner/parser_v8_predictions.jsonl"", ""docs/cutover/evaluation_gates/gold_axes.jsonl"", ""tools/cutover/run_parser_benchmark.py:25""]",9858407bd2eb615fad1a3579387a4ce8642827e76c180fb70d0559e9f220571e,False,NOT_ESTABLISHED,"[""SQL"", ""source_result"", ""canonical_binding"", ""complete_task_state""]"
G81-049,100_PARSER_AXIS_GOLD,PASS,按适用科室统计订单笔数,[],,,,False,PASS_FOR_LISTED_AXES_ONLY,All supplied labeled axes passed; full semantic acceptance is not established,CURRENT_TURN_PARSER_ONLY,,,"{""turn_relation"": true, ""mentions"": true, ""query_shape"": true}",[],"[""docs/v2_cutover/transition_runner/parser_v8_predictions.jsonl"", ""docs/cutover/evaluation_gates/gold_axes.jsonl"", ""tools/cutover/run_parser_benchmark.py:25""]",4232ef3339b6f1278276cd06064d8835913e8db22224adcf7fa71a1204df3616,False,NOT_ESTABLISHED,"[""SQL"", ""source_result"", ""canonical_binding"", ""complete_task_state""]"
G81-050,100_PARSER_AXIS_GOLD,PASS,结果中只返回医院名称,"[""列出医院名单""]",,,,False,PASS_FOR_LISTED_AXES_ONLY,All supplied labeled axes passed; full semantic acceptance is not established,CURRENT_TURN_PARSER_ONLY,,,"{""mentions"": true}",[],"[""docs/v2_cutover/transition_runner/parser_v8_predictions.jsonl"", ""docs/cutover/evaluation_gates/gold_axes.jsonl"", ""tools/cutover/run_parser_benchmark.py:25""]",f145858a97efc44abaafbbaf87901eba942d20d68eeb2b72bbabe6f211d3b340,False,NOT_ESTABLISHED,"[""SQL"", ""source_result"", ""canonical_binding"", ""complete_task_state""]"
G81-051,100_PARSER_AXIS_GOLD,PASS,结果中只返回医院标识,"[""列出医院名单""]",,,,False,PASS_FOR_LISTED_AXES_ONLY,All supplied labeled axes passed; full semantic acceptance is not established,CURRENT_TURN_PARSER_ONLY,,,"{""mentions"": true}",[],"[""docs/v2_cutover/transition_runner/parser_v8_predictions.jsonl"", ""docs/cutover/evaluation_gates/gold_axes.jsonl"", ""tools/cutover/run_parser_benchmark.py:25""]",6c5a1bbd2040fec80b64b595a7738c8ad1460105b1d06fcffe6a6096bc72d2b5,False,NOT_ESTABLISHED,"[""SQL"", ""source_result"", ""canonical_binding"", ""complete_task_state""]"
G81-052,100_PARSER_AXIS_GOLD,PASS,结果中只返回医院编码,"[""列出医院名单""]",,,,False,PASS_FOR_LISTED_AXES_ONLY,All supplied labeled axes passed; full semantic acceptance is not established,CURRENT_TURN_PARSER_ONLY,,,"{""mentions"": true}",[],"[""docs/v2_cutover/transition_runner/parser_v8_predictions.jsonl"", ""docs/cutover/evaluation_gates/gold_axes.jsonl"", ""tools/cutover/run_parser_benchmark.py:25""]",849be3bce7b0455d814c35e777e187384a6fdb7ba4fab291801fde9e57e73cf6,False,NOT_ESTABLISHED,"[""SQL"", ""source_result"", ""canonical_binding"", ""complete_task_state""]"
G81-053,100_PARSER_AXIS_GOLD,PASS,结果中只返回商品名称,"[""列出商品名单""]",,,,False,PASS_FOR_LISTED_AXES_ONLY,All supplied labeled axes passed; full semantic acceptance is not established,CURRENT_TURN_PARSER_ONLY,,,"{""mentions"": true}",[],"[""docs/v2_cutover/transition_runner/parser_v8_predictions.jsonl"", ""docs/cutover/evaluation_gates/gold_axes.jsonl"", ""tools/cutover/run_parser_benchmark.py:25""]",a16dd99c7256efdd6516b61286edc5668e511be91396deb7082a489f7f0ac997,False,NOT_ESTABLISHED,"[""SQL"", ""source_result"", ""canonical_binding"", ""complete_task_state""]"
G81-054,100_PARSER_AXIS_GOLD,PASS,结果中只返回商品编码,"[""列出商品名单""]",,,,False,PASS_FOR_LISTED_AXES_ONLY,All supplied labeled axes passed; full semantic acceptance is not established,CURRENT_TURN_PARSER_ONLY,,,"{""mentions"": true}",[],"[""docs/v2_cutover/transition_runner/parser_v8_predictions.jsonl"", ""docs/cutover/evaluation_gates/gold_axes.jsonl"", ""tools/cutover/run_parser_benchmark.py:25""]",f4becdf6f18df65aaa76922df334a6adeeccca07ccd468d4d6369cc6bf18b617,False,NOT_ESTABLISHED,"[""SQL"", ""source_result"", ""canonical_binding"", ""complete_task_state""]"
G81-055,100_PARSER_AXIS_GOLD,PASS,结果中只返回规格型号,"[""列出商品名单""]",,,,False,PASS_FOR_LISTED_AXES_ONLY,All supplied labeled axes passed; full semantic acceptance is not established,CURRENT_TURN_PARSER_ONLY,,,"{""mentions"": true}",[],"[""docs/v2_cutover/transition_runner/parser_v8_predictions.jsonl"", ""docs/cutover/evaluation_gates/gold_axes.jsonl"", ""tools/cutover/run_parser_benchmark.py:25""]",efd035d94cc507cd0e87f2326dd8e8e1d51cd49f2740ad7c6d8b5603e49e6054,False,NOT_ESTABLISHED,"[""SQL"", ""source_result"", ""canonical_binding"", ""complete_task_state""]"
G81-056,100_PARSER_AXIS_GOLD,PASS,结果中只返回销售员姓名,"[""列出业务员名单""]",,,,False,PASS_FOR_LISTED_AXES_ONLY,All supplied labeled axes passed; full semantic acceptance is not established,CURRENT_TURN_PARSER_ONLY,,,"{""mentions"": true}",[],"[""docs/v2_cutover/transition_runner/parser_v8_predictions.jsonl"", ""docs/cutover/evaluation_gates/gold_axes.jsonl"", ""tools/cutover/run_parser_benchmark.py:25""]",32de79ab7ddb41254f7d556e713a10a96244a5bd5ea77445a409da59f0c76d5a,False,NOT_ESTABLISHED,"[""SQL"", ""source_result"", ""canonical_binding"", ""complete_task_state""]"
G81-057,100_PARSER_AXIS_GOLD,PASS,结果中只返回销售员编码,"[""列出业务员名单""]",,,,False,PASS_FOR_LISTED_AXES_ONLY,All supplied labeled axes passed; full semantic acceptance is not established,CURRENT_TURN_PARSER_ONLY,,,"{""mentions"": true}",[],"[""docs/v2_cutover/transition_runner/parser_v8_predictions.jsonl"", ""docs/cutover/evaluation_gates/gold_axes.jsonl"", ""tools/cutover/run_parser_benchmark.py:25""]",0b10535d6bb59f46c7b24f0c8e07f5ebc5a18305a105017c56927f16f180aa79,False,NOT_ESTABLISHED,"[""SQL"", ""source_result"", ""canonical_binding"", ""complete_task_state""]"
G81-058,100_PARSER_AXIS_GOLD,PASS,结果中只返回项目名称,"[""列出销售项目名单""]",,,,False,PASS_FOR_LISTED_AXES_ONLY,All supplied labeled axes passed; full semantic acceptance is not established,CURRENT_TURN_PARSER_ONLY,,,"{""mentions"": true}",[],"[""docs/v2_cutover/transition_runner/parser_v8_predictions.jsonl"", ""docs/cutover/evaluation_gates/gold_axes.jsonl"", ""tools/cutover/run_parser_benchmark.py:25""]",7eed003b8aa6bc275bdd278039acea5868fc4f136f28e4335a4099e44f2c4453,False,NOT_ESTABLISHED,"[""SQL"", ""source_result"", ""canonical_binding"", ""complete_task_state""]"
G81-059,100_PARSER_AXIS_GOLD,PASS,结果中只返回项目编码,"[""列出销售项目名单""]",,,,False,PASS_FOR_LISTED_AXES_ONLY,All supplied labeled axes passed; full semantic acceptance is not established,CURRENT_TURN_PARSER_ONLY,,,"{""mentions"": true}",[],"[""docs/v2_cutover/transition_runner/parser_v8_predictions.jsonl"", ""docs/cutover/evaluation_gates/gold_axes.jsonl"", ""tools/cutover/run_parser_benchmark.py:25""]",312835ea01184d79732a1a9376e45aad6e7392459b21818e3dbba8a8f2166be0,False,NOT_ESTABLISHED,"[""SQL"", ""source_result"", ""canonical_binding"", ""complete_task_state""]"
G81-060,100_PARSER_AXIS_GOLD,PASS,结果中只返回国药公司名称,"[""列出销售公司名单""]",,,,False,PASS_FOR_LISTED_AXES_ONLY,All supplied labeled axes passed; full semantic acceptance is not established,CURRENT_TURN_PARSER_ONLY,,,"{""mentions"": true}",[],"[""docs/v2_cutover/transition_runner/parser_v8_predictions.jsonl"", ""docs/cutover/evaluation_gates/gold_axes.jsonl"", ""tools/cutover/run_parser_benchmark.py:25""]",73995e8947d1659d78aea650878761e14b5540f5cbcb57109426b62bbb6cf744,False,NOT_ESTABLISHED,"[""SQL"", ""source_result"", ""canonical_binding"", ""complete_task_state""]"
G81-061,100_PARSER_AXIS_GOLD,PASS,结果中只返回国药公司编码,"[""列出销售公司名单""]",,,,False,PASS_FOR_LISTED_AXES_ONLY,All supplied labeled axes passed; full semantic acceptance is not established,CURRENT_TURN_PARSER_ONLY,,,"{""mentions"": true}",[],"[""docs/v2_cutover/transition_runner/parser_v8_predictions.jsonl"", ""docs/cutover/evaluation_gates/gold_axes.jsonl"", ""tools/cutover/run_parser_benchmark.py:25""]",5fe00d5f790fbb17c48b6983c55b5400b15df5861f6305c8192a212da33c0287,False,NOT_ESTABLISHED,"[""SQL"", ""source_result"", ""canonical_binding"", ""complete_task_state""]"
G81-062,100_PARSER_AXIS_GOLD,PASS,结果中只返回科室名称,"[""列出科室名单""]",,,,False,PASS_FOR_LISTED_AXES_ONLY,All supplied labeled axes passed; full semantic acceptance is not established,CURRENT_TURN_PARSER_ONLY,,,"{""mentions"": true}",[],"[""docs/v2_cutover/transition_runner/parser_v8_predictions.jsonl"", ""docs/cutover/evaluation_gates/gold_axes.jsonl"", ""tools/cutover/run_parser_benchmark.py:25""]",39e86f76f891e86b63098f937d538be1efdfb3ea267f2dab167a1a69f56e9dab,False,NOT_ESTABLISHED,"[""SQL"", ""source_result"", ""canonical_binding"", ""complete_task_state""]"
G81-063,100_PARSER_AXIS_GOLD,PASS,结果中只返回科室编码,"[""列出科室名单""]",,,,False,PASS_FOR_LISTED_AXES_ONLY,All supplied labeled axes passed; full semantic acceptance is not established,CURRENT_TURN_PARSER_ONLY,,,"{""mentions"": true}",[],"[""docs/v2_cutover/transition_runner/parser_v8_predictions.jsonl"", ""docs/cutover/evaluation_gates/gold_axes.jsonl"", ""tools/cutover/run_parser_benchmark.py:25""]",219b911903a3832234cc96066d0935280c833651420d2ef1ba715d06a31f76c5,False,NOT_ESTABLISHED,"[""SQL"", ""source_result"", ""canonical_binding"", ""complete_task_state""]"
G81-064,100_PARSER_AXIS_GOLD,PASS,结果中只返回经销商名称,"[""列出经销商名单""]",,,,False,PASS_FOR_LISTED_AXES_ONLY,All supplied labeled axes passed; full semantic acceptance is not established,CURRENT_TURN_PARSER_ONLY,,,"{""mentions"": true}",[],"[""docs/v2_cutover/transition_runner/parser_v8_predictions.jsonl"", ""docs/cutover/evaluation_gates/gold_axes.jsonl"", ""tools/cutover/run_parser_benchmark.py:25""]",6143c04c654239df1788e5962ca2a180e6fafe133fad6b5ebbb1eedb84e85f46,False,NOT_ESTABLISHED,"[""SQL"", ""source_result"", ""canonical_binding"", ""complete_task_state""]"
G81-065,100_PARSER_AXIS_GOLD,PASS,结果中只返回经销商编码,"[""列出经销商名单""]",,,,False,PASS_FOR_LISTED_AXES_ONLY,All supplied labeled axes passed; full semantic acceptance is not established,CURRENT_TURN_PARSER_ONLY,,,"{""mentions"": true}",[],"[""docs/v2_cutover/transition_runner/parser_v8_predictions.jsonl"", ""docs/cutover/evaluation_gates/gold_axes.jsonl"", ""tools/cutover/run_parser_benchmark.py:25""]",88316b2c33d7fb14b3edef2c0eb8f922d76eca2d8a7bb76c307649f78bf85aa1,False,NOT_ESTABLISHED,"[""SQL"", ""source_result"", ""canonical_binding"", ""complete_task_state""]"
G81-066,100_PARSER_AXIS_GOLD,PASS,结果中只返回城市名称,"[""列出市名单""]",,,,False,PASS_FOR_LISTED_AXES_ONLY,All supplied labeled axes passed; full semantic acceptance is not established,CURRENT_TURN_PARSER_ONLY,,,"{""mentions"": true}",[],"[""docs/v2_cutover/transition_runner/parser_v8_predictions.jsonl"", ""docs/cutover/evaluation_gates/gold_axes.jsonl"", ""tools/cutover/run_parser_benchmark.py:25""]",c12923b6318b2bf9e2a827f22ea1b2b6089b62554c616b28f420feb804baed2c,False,NOT_ESTABLISHED,"[""SQL"", ""source_result"", ""canonical_binding"", ""complete_task_state""]"
G81-067,100_PARSER_AXIS_GOLD,PASS,结果中只返回省份名称,"[""列出省份名单""]",,,,False,PASS_FOR_LISTED_AXES_ONLY,All supplied labeled axes passed; full semantic acceptance is not established,CURRENT_TURN_PARSER_ONLY,,,"{""mentions"": true}",[],"[""docs/v2_cutover/transition_runner/parser_v8_predictions.jsonl"", ""docs/cutover/evaluation_gates/gold_axes.jsonl"", ""tools/cutover/run_parser_benchmark.py:25""]",253595423e412621bd716c3980e33da5641168eee0369fb599ee21c6bc5a5f0f,False,NOT_ESTABLISHED,"[""SQL"", ""source_result"", ""canonical_binding"", ""complete_task_state""]"
G81-068,100_PARSER_AXIS_GOLD,PASS,那江苏呢？,"[""上海最近一年销售额""]",,,,False,PASS_FOR_LISTED_AXES_ONLY,All supplied labeled axes passed; full semantic acceptance is not established,CURRENT_TURN_PARSER_ONLY,,,"{""turn_relation"": true}",[],"[""docs/v2_cutover/transition_runner/parser_v8_predictions.jsonl"", ""docs/cutover/evaluation_gates/gold_axes.jsonl"", ""tools/cutover/run_parser_benchmark.py:25""]",95f0d88a5534a6136f2aaab6da0ad1a29dd04a9a64f0820857761d297c922781,False,NOT_ESTABLISHED,"[""SQL"", ""source_result"", ""canonical_binding"", ""complete_task_state""]"
G81-069,100_PARSER_AXIS_GOLD,PASS,江苏有哪些医院？,"[""上海最近一年销售额""]",,,,False,PASS_FOR_LISTED_AXES_ONLY,All supplied labeled axes passed; full semantic acceptance is not established,CURRENT_TURN_PARSER_ONLY,,,"{""turn_relation"": true}",[],"[""docs/v2_cutover/transition_runner/parser_v8_predictions.jsonl"", ""docs/cutover/evaluation_gates/gold_axes.jsonl"", ""tools/cutover/run_parser_benchmark.py:25""]",6c56d29ef883d8f8f907903eeba3f60a2c1de9f37ce816f670a0fc0f8307e06d,False,NOT_ESTABLISHED,"[""SQL"", ""source_result"", ""canonical_binding"", ""complete_task_state""]"
G81-070,100_PARSER_AXIS_GOLD,PASS,再加订单笔数,"[""销售额和销售量""]",,,,False,PASS_FOR_LISTED_AXES_ONLY,All supplied labeled axes passed; full semantic acceptance is not established,CURRENT_TURN_PARSER_ONLY,,,"{""turn_relation"": true, ""operation"": true}",[],"[""docs/v2_cutover/transition_runner/parser_v8_predictions.jsonl"", ""docs/cutover/evaluation_gates/gold_axes.jsonl"", ""tools/cutover/run_parser_benchmark.py:25""]",af3befcd85153cd64a63b6e9d3a5437bafaa9e41b87b3256d91bb872ff92806d,False,NOT_ESTABLISHED,"[""SQL"", ""source_result"", ""canonical_binding"", ""complete_task_state""]"
G81-071,100_PARSER_AXIS_GOLD,FAIL,换成江苏,"[""上海销售额""]",EVALUATOR_GAP,RC-EVAL-TURN-PROXY,P2,True,PROVEN,A context-free parser signal projection is scored as final turn resolution. normalize omits the native REMOVE/CLEAR dependency rule and never executes TurnResolver/current state. Full raw parses are not retained in this100-case result; production first divergence is unproven.,CURRENT_TURN_PARSER_ONLY,,,"{""turn_relation"": false, ""operation"": true}","[{""stage"": ""TURN_RESOLUTION"", ""evidence"": ""Recorded parser axis mismatch"", ""axis"": ""turn_relation"", ""causal_order"": ""Co-observed proxy; not an independently counted production defect""}, {""stage"": ""EVALUATOR_GAP"", ""evidence"": ""Full runtime verdict is NOT_EVALUATED; raw score remains FAIL""}]","[""docs/v2_cutover/transition_runner/parser_v8_predictions.jsonl"", ""docs/cutover/evaluation_gates/gold_axes.jsonl"", ""tools/cutover/run_parser_benchmark.py:25""]",94ba37bb81db5537399f8b9030fa01368de35d44d1afbd37c045ad802077a078,False,NOT_ESTABLISHED,"[""SQL"", ""source_result"", ""canonical_binding"", ""complete_task_state""]"
G81-072,100_PARSER_AXIS_GOLD,PASS,不要订单笔数,"[""销售额和订单笔数""]",,,,False,PASS_FOR_LISTED_AXES_ONLY,All supplied labeled axes passed; full semantic acceptance is not established,CURRENT_TURN_PARSER_ONLY,,,"{""turn_relation"": true, ""operation"": true}",[],"[""docs/v2_cutover/transition_runner/parser_v8_predictions.jsonl"", ""docs/cutover/evaluation_gates/gold_axes.jsonl"", ""tools/cutover/run_parser_benchmark.py:25""]",43b909882be67ca2e28c4f5576a9731c369507a696ddbd05d1eee69a445a00bd,False,NOT_ESTABLISHED,"[""SQL"", ""source_result"", ""canonical_binding"", ""complete_task_state""]"
G81-073,100_PARSER_AXIS_GOLD,FAIL,不限地区,"[""上海销售额""]",EVALUATOR_GAP,RC-EVAL-TURN-PROXY,P2,True,PROVEN,A context-free parser signal projection is scored as final turn resolution. normalize omits the native REMOVE/CLEAR dependency rule and never executes TurnResolver/current state. Full raw parses are not retained in this100-case result; production first divergence is unproven.,CURRENT_TURN_PARSER_ONLY,,,"{""turn_relation"": false, ""operation"": true}","[{""stage"": ""TURN_RESOLUTION"", ""evidence"": ""Recorded parser axis mismatch"", ""axis"": ""turn_relation"", ""causal_order"": ""Co-observed proxy; not an independently counted production defect""}, {""stage"": ""EVALUATOR_GAP"", ""evidence"": ""Full runtime verdict is NOT_EVALUATED; raw score remains FAIL""}]","[""docs/v2_cutover/transition_runner/parser_v8_predictions.jsonl"", ""docs/cutover/evaluation_gates/gold_axes.jsonl"", ""tools/cutover/run_parser_benchmark.py:25""]",1569c90a7065f94784a2ec36658b13050c4198c46ef16bbc50d824ce248409de,False,NOT_ESTABLISHED,"[""SQL"", ""source_result"", ""canonical_binding"", ""complete_task_state""]"
G81-074,100_PARSER_AXIS_GOLD,PASS,按季度,"[""上海销售额；不限地区""]",,,,False,PASS_FOR_LISTED_AXES_ONLY,All supplied labeled axes passed; full semantic acceptance is not established,CURRENT_TURN_PARSER_ONLY,,,"{""turn_relation"": true}",[],"[""docs/v2_cutover/transition_runner/parser_v8_predictions.jsonl"", ""docs/cutover/evaluation_gates/gold_axes.jsonl"", ""tools/cutover/run_parser_benchmark.py:25""]",ec401de4c5708f0a46f361a2fc1a9cf6c2deca46738e16c61c6b735ce26a5592,False,NOT_ESTABLISHED,"[""SQL"", ""source_result"", ""canonical_binding"", ""complete_task_state""]"
G81-075,100_PARSER_AXIS_GOLD,PASS,江苏有哪些医院？,"[""待选：销售额还是销售量""]",,,,False,PASS_FOR_LISTED_AXES_ONLY,All supplied labeled axes passed; full semantic acceptance is not established,CURRENT_TURN_PARSER_ONLY,,,"{""turn_relation"": true}",[],"[""docs/v2_cutover/transition_runner/parser_v8_predictions.jsonl"", ""docs/cutover/evaluation_gates/gold_axes.jsonl"", ""tools/cutover/run_parser_benchmark.py:25""]",4eb84c07a663f736f39c81961433765ae661d0de3c0f759d14dd1814fbb749ec,False,NOT_ESTABLISHED,"[""SQL"", ""source_result"", ""canonical_binding"", ""complete_task_state""]"
G81-076,100_PARSER_AXIS_GOLD,PASS,回到刚才上海那个问题,"[""江苏销售额""]",,,,False,PASS_FOR_LISTED_AXES_ONLY,All supplied labeled axes passed; full semantic acceptance is not established,CURRENT_TURN_PARSER_ONLY,,,"{""turn_relation"": true}",[],"[""docs/v2_cutover/transition_runner/parser_v8_predictions.jsonl"", ""docs/cutover/evaluation_gates/gold_axes.jsonl"", ""tools/cutover/run_parser_benchmark.py:25""]",a8d51f0febcb3998f0c115778be190e0bfa5deb26949c13b43a816f1cb8cdbd9,False,NOT_ESTABLISHED,"[""SQL"", ""source_result"", ""canonical_binding"", ""complete_task_state""]"
G81-077,100_PARSER_AXIS_GOLD,PASS,再加销售总成本,"[""按医院统计销售额""]",,,,False,PASS_FOR_LISTED_AXES_ONLY,All supplied labeled axes passed; full semantic acceptance is not established,CURRENT_TURN_PARSER_ONLY,,,"{""turn_relation"": true, ""operation"": true}",[],"[""docs/v2_cutover/transition_runner/parser_v8_predictions.jsonl"", ""docs/cutover/evaluation_gates/gold_axes.jsonl"", ""tools/cutover/run_parser_benchmark.py:25""]",b9cbc32bcd01e0f41a4d5d12530033083bbadbf37a66749d59cf3f251947896f,False,NOT_ESTABLISHED,"[""SQL"", ""source_result"", ""canonical_binding"", ""complete_task_state""]"
G81-078,100_PARSER_AXIS_GOLD,PASS,把指标换成订单笔数,"[""按医院统计销售额""]",,,,False,PASS_FOR_LISTED_AXES_ONLY,All supplied labeled axes passed; full semantic acceptance is not established,CURRENT_TURN_PARSER_ONLY,,,"{""turn_relation"": true, ""operation"": true}",[],"[""docs/v2_cutover/transition_runner/parser_v8_predictions.jsonl"", ""docs/cutover/evaluation_gates/gold_axes.jsonl"", ""tools/cutover/run_parser_benchmark.py:25""]",2c7d70d179ae66814300e9d2fefeb2c0d2be21d5d3d47279afa998a9fbaaa87a,False,NOT_ESTABLISHED,"[""SQL"", ""source_result"", ""canonical_binding"", ""complete_task_state""]"
G81-079,100_PARSER_AXIS_GOLD,PASS,去掉销售总成本,"[""含税销售总额和销售总成本""]",,,,False,PASS_FOR_LISTED_AXES_ONLY,All supplied labeled axes passed; full semantic acceptance is not established,CURRENT_TURN_PARSER_ONLY,,,"{""turn_relation"": true, ""operation"": true}",[],"[""docs/v2_cutover/transition_runner/parser_v8_predictions.jsonl"", ""docs/cutover/evaluation_gates/gold_axes.jsonl"", ""tools/cutover/run_parser_benchmark.py:25""]",8fa62addca868aa350e0550fe47ba02067c40de9b2cc8160722411c46709ae97,False,NOT_ESTABLISHED,"[""SQL"", ""source_result"", ""canonical_binding"", ""complete_task_state""]"
G81-080,100_PARSER_AXIS_GOLD,FAIL,取消地区限制,"[""只看上海的医院""]",TASK_OPERATION,RC-OP-ATOMIC,P0,True,PROVEN,Atomic CLEAR/REPLACE intent is represented as REMOVE or REMOVE+ADD. S81-012 has a correct REPLACE draft conflicting with earlier parse markers; the native guard rejects.,CURRENT_TURN_PARSER_ONLY,,,"{""turn_relation"": true, ""operation"": false}",[],"[""docs/v2_cutover/transition_runner/parser_v8_predictions.jsonl"", ""docs/cutover/evaluation_gates/gold_axes.jsonl"", ""tools/cutover/run_parser_benchmark.py:25""]",580cc8e8736b6a48aa6c20af47388bde29c562d6fc28eaee4361c3b1ff8c3c77,False,NOT_ESTABLISHED,"[""SQL"", ""source_result"", ""canonical_binding"", ""complete_task_state""]"
G81-081,100_PARSER_AXIS_GOLD,PASS,增加按销售公司分组,"[""销售额按业务员分组""]",,,,False,PASS_FOR_LISTED_AXES_ONLY,All supplied labeled axes passed; full semantic acceptance is not established,CURRENT_TURN_PARSER_ONLY,,,"{""turn_relation"": true, ""operation"": true}",[],"[""docs/v2_cutover/transition_runner/parser_v8_predictions.jsonl"", ""docs/cutover/evaluation_gates/gold_axes.jsonl"", ""tools/cutover/run_parser_benchmark.py:25""]",0d1d6fa653b1af52e7ecadb795167fca5384a1e0652924013572c5bc3f26b0ef,False,NOT_ESTABLISHED,"[""SQL"", ""source_result"", ""canonical_binding"", ""complete_task_state""]"
G81-082,100_PARSER_AXIS_GOLD,FAIL,把医院换成经销商,"[""销售额按医院分组""]",EVALUATOR_GAP,RC-EVAL-TURN-PROXY,P2,True,PROVEN,A context-free parser signal projection is scored as final turn resolution. normalize omits the native REMOVE/CLEAR dependency rule and never executes TurnResolver/current state. Full raw parses are not retained in this100-case result; production first divergence is unproven.,CURRENT_TURN_PARSER_ONLY,,,"{""turn_relation"": false, ""operation"": false}","[{""stage"": ""TURN_RESOLUTION"", ""evidence"": ""Recorded parser axis mismatch"", ""axis"": ""turn_relation"", ""causal_order"": ""Co-observed proxy; not an independently counted production defect""}, {""stage"": ""TASK_OPERATION"", ""evidence"": ""Recorded parser axis mismatch"", ""axis"": ""operation"", ""causal_order"": ""Co-observed proxy; not an independently counted production defect""}, {""stage"": ""EVALUATOR_GAP"", ""evidence"": ""Full runtime verdict is NOT_EVALUATED; raw score remains FAIL""}]","[""docs/v2_cutover/transition_runner/parser_v8_predictions.jsonl"", ""docs/cutover/evaluation_gates/gold_axes.jsonl"", ""tools/cutover/run_parser_benchmark.py:25""]",a3be250220f004803ca31ed9f092f4e0af4efed13092603020b7f13bd3240d63,False,NOT_ESTABLISHED,"[""SQL"", ""source_result"", ""canonical_binding"", ""complete_task_state""]"
G81-083,100_PARSER_AXIS_GOLD,PASS,不要按业务员分组,"[""销售额按城市和业务员分组""]",,,,False,PASS_FOR_LISTED_AXES_ONLY,All supplied labeled axes passed; full semantic acceptance is not established,CURRENT_TURN_PARSER_ONLY,,,"{""turn_relation"": true, ""operation"": true}",[],"[""docs/v2_cutover/transition_runner/parser_v8_predictions.jsonl"", ""docs/cutover/evaluation_gates/gold_axes.jsonl"", ""tools/cutover/run_parser_benchmark.py:25""]",7b41eb5bf0b23efbb64dc0d128d8a926a95457fa527954d13eb5f75fb6f86f4d,False,NOT_ESTABLISHED,"[""SQL"", ""source_result"", ""canonical_binding"", ""complete_task_state""]"
G81-084,100_PARSER_AXIS_GOLD,FAIL,取消时间限制,"[""最近一年订单笔数""]",EVALUATOR_GAP,RC-EVAL-TURN-PROXY,P2,True,PROVEN,A context-free parser signal projection is scored as final turn resolution. normalize omits the native REMOVE/CLEAR dependency rule and never executes TurnResolver/current state. Full raw parses are not retained in this100-case result; production first divergence is unproven.,CURRENT_TURN_PARSER_ONLY,,,"{""turn_relation"": false, ""operation"": true}","[{""stage"": ""TURN_RESOLUTION"", ""evidence"": ""Recorded parser axis mismatch"", ""axis"": ""turn_relation"", ""causal_order"": ""Co-observed proxy; not an independently counted production defect""}, {""stage"": ""EVALUATOR_GAP"", ""evidence"": ""Full runtime verdict is NOT_EVALUATED; raw score remains FAIL""}]","[""docs/v2_cutover/transition_runner/parser_v8_predictions.jsonl"", ""docs/cutover/evaluation_gates/gold_axes.jsonl"", ""tools/cutover/run_parser_benchmark.py:25""]",9cff4518d9cafb2b9b949f136da929a0a0bb3ec1f1ec2be518b6cb19db7a9eab,False,NOT_ESTABLISHED,"[""SQL"", ""source_result"", ""canonical_binding"", ""complete_task_state""]"
G81-085,100_PARSER_AXIS_GOLD,PASS,只看前5条,"[""列出医院名单""]",,,,False,PASS_FOR_LISTED_AXES_ONLY,All supplied labeled axes passed; full semantic acceptance is not established,CURRENT_TURN_PARSER_ONLY,,,"{""turn_relation"": true}",[],"[""docs/v2_cutover/transition_runner/parser_v8_predictions.jsonl"", ""docs/cutover/evaluation_gates/gold_axes.jsonl"", ""tools/cutover/run_parser_benchmark.py:25""]",5fefce5828e22cac72516f03329df3d90426bd0f1b7cc6bdf8bcbbef83ddbdba,False,NOT_ESTABLISHED,"[""SQL"", ""source_result"", ""canonical_binding"", ""complete_task_state""]"
G81-086,100_PARSER_AXIS_GOLD,PASS,现在查询销售总成本,"[""列出商品名单""]",,,,False,PASS_FOR_LISTED_AXES_ONLY,All supplied labeled axes passed; full semantic acceptance is not established,CURRENT_TURN_PARSER_ONLY,,,"{""turn_relation"": true}",[],"[""docs/v2_cutover/transition_runner/parser_v8_predictions.jsonl"", ""docs/cutover/evaluation_gates/gold_axes.jsonl"", ""tools/cutover/run_parser_benchmark.py:25""]",321227835909d0ede6db7b7e7bf724c0e0897253f8677b5e158375cb53be1f2a,False,NOT_ESTABLISHED,"[""SQL"", ""source_result"", ""canonical_binding"", ""complete_task_state""]"
G81-087,100_PARSER_AXIS_GOLD,PASS,医院名称字段来自哪个表？,"[""上海销售额""]",,,,False,PASS_FOR_LISTED_AXES_ONLY,All supplied labeled axes passed; full semantic acceptance is not established,CURRENT_TURN_PARSER_ONLY,,,"{""turn_relation"": true}",[],"[""docs/v2_cutover/transition_runner/parser_v8_predictions.jsonl"", ""docs/cutover/evaluation_gates/gold_axes.jsonl"", ""tools/cutover/run_parser_benchmark.py:25""]",79c79b544b44106ef41f64f986367c6e8fc02eea15d6f26d5f7689b2e8570246,False,NOT_ESTABLISHED,"[""SQL"", ""source_result"", ""canonical_binding"", ""complete_task_state""]"
G81-088,100_PARSER_AXIS_GOLD,PASS,返回之前的医院名单,"[""查询订单笔数""]",,,,False,PASS_FOR_LISTED_AXES_ONLY,All supplied labeled axes passed; full semantic acceptance is not established,CURRENT_TURN_PARSER_ONLY,,,"{""turn_relation"": true}",[],"[""docs/v2_cutover/transition_runner/parser_v8_predictions.jsonl"", ""docs/cutover/evaluation_gates/gold_axes.jsonl"", ""tools/cutover/run_parser_benchmark.py:25""]",bbcece14ba490db55ce2a51d46aa06e03fcd2300c7b27cf5fc211b3bbcb7ed52,False,NOT_ESTABLISHED,"[""SQL"", ""source_result"", ""canonical_binding"", ""complete_task_state""]"
G81-089,100_PARSER_AXIS_GOLD,PASS,改成不含税销售总额,"[""含税销售总额""]",,,,False,PASS_FOR_LISTED_AXES_ONLY,All supplied labeled axes passed; full semantic acceptance is not established,CURRENT_TURN_PARSER_ONLY,,,"{""turn_relation"": true, ""operation"": true}",[],"[""docs/v2_cutover/transition_runner/parser_v8_predictions.jsonl"", ""docs/cutover/evaluation_gates/gold_axes.jsonl"", ""tools/cutover/run_parser_benchmark.py:25""]",64605b49885779a5377173e6c1397f6aea3463a0c1f1d33d32c7d889e20e0271,False,NOT_ESTABLISHED,"[""SQL"", ""source_result"", ""canonical_binding"", ""complete_task_state""]"
G81-090,100_PARSER_AXIS_GOLD,FAIL,继续看下一页,"[""按季度看订单笔数""]",EVALUATOR_GAP,RC-EVAL-TURN-PROXY,P2,True,PROVEN,A context-free parser signal projection is scored as final turn resolution. normalize omits the native REMOVE/CLEAR dependency rule and never executes TurnResolver/current state. Full raw parses are not retained in this100-case result; production first divergence is unproven.,CURRENT_TURN_PARSER_ONLY,,,"{""turn_relation"": false}","[{""stage"": ""TURN_RESOLUTION"", ""evidence"": ""Recorded parser axis mismatch"", ""axis"": ""turn_relation"", ""causal_order"": ""Co-observed proxy; not an independently counted production defect""}, {""stage"": ""EVALUATOR_GAP"", ""evidence"": ""Full runtime verdict is NOT_EVALUATED; raw score remains FAIL""}]","[""docs/v2_cutover/transition_runner/parser_v8_predictions.jsonl"", ""docs/cutover/evaluation_gates/gold_axes.jsonl"", ""tools/cutover/run_parser_benchmark.py:25""]",dd72c5f525e20098f5adcb6e51a5a2fa1a08ef1a832dcc86802dd76a6a478d15,False,NOT_ESTABLISHED,"[""SQL"", ""source_result"", ""canonical_binding"", ""complete_task_state""]"
G81-091,100_PARSER_AXIS_GOLD,FAIL,只看前5条,"[""当前已有医院名单""]",EVALUATOR_GAP,RC-EVAL-DATASET-PROXY,P2,True,PROVEN,Current utterance parser returns no query shape for display-limit continuation; the Gold expects a dataset route requiring existing dataset/state that this parser runner does not execute.,CURRENT_TURN_PARSER_ONLY,,,"{""query_shape"": false}","[{""stage"": ""QUERY_SHAPE"", ""evidence"": ""Recorded parser axis mismatch"", ""axis"": ""query_shape"", ""causal_order"": ""Co-observed proxy; not an independently counted production defect""}, {""stage"": ""EVALUATOR_GAP"", ""evidence"": ""Full runtime verdict is NOT_EVALUATED; raw score remains FAIL""}]","[""docs/v2_cutover/transition_runner/parser_v8_predictions.jsonl"", ""docs/cutover/evaluation_gates/gold_axes.jsonl"", ""tools/cutover/run_parser_benchmark.py:25""]",7710731928e763e77d1c2a3c1599f44243af8576435340b100b0d67b6fc205da,False,NOT_ESTABLISHED,"[""SQL"", ""source_result"", ""canonical_binding"", ""complete_task_state""]"
G81-092,100_PARSER_AXIS_GOLD,PASS,订单笔数最高的5家医院,[],,,,False,PASS_FOR_LISTED_AXES_ONLY,All supplied labeled axes passed; full semantic acceptance is not established,CURRENT_TURN_PARSER_ONLY,,,"{""query_shape"": true, ""mentions"": true}",[],"[""docs/v2_cutover/transition_runner/parser_v8_predictions.jsonl"", ""docs/cutover/evaluation_gates/gold_axes.jsonl"", ""tools/cutover/run_parser_benchmark.py:25""]",e526d3691446721df928aafd85e436b7127452fc093cbbbd55abb43574ca76d9,False,NOT_ESTABLISHED,"[""SQL"", ""source_result"", ""canonical_binding"", ""complete_task_state""]"
G81-093,100_PARSER_AXIS_GOLD,FAIL,医院名称字段来自哪个表？,[],QUERY_SHAPE,RC-SHAPE-LINEAGE,P1,True,PROVEN,The explicit field-source/table question predicts METADATA_LOOKUP instead of LINEAGE_GRAPH; target mention is present.,CURRENT_TURN_PARSER_ONLY,,,"{""query_shape"": false}",[],"[""docs/v2_cutover/transition_runner/parser_v8_predictions.jsonl"", ""docs/cutover/evaluation_gates/gold_axes.jsonl"", ""tools/cutover/run_parser_benchmark.py:25""]",a7746c024876f643b248d8b025305365207663c422238a96b17515cd005af47b,False,NOT_ESTABLISHED,"[""SQL"", ""source_result"", ""canonical_binding"", ""complete_task_state""]"
G81-094,100_PARSER_AXIS_GOLD,FAIL,列出TDC-3合作医院,[],MENTION_BOUNDARY,RC-BOUNDARY-OBJECT,P1,True,PROVEN,Current semantic spans absorb list/record/relation cue text into the entity object; exact catalog surface is no longer a separate mention.,CURRENT_TURN_PARSER_ONLY,,,"{""mentions"": false}",[],"[""docs/v2_cutover/transition_runner/parser_v8_predictions.jsonl"", ""docs/cutover/evaluation_gates/gold_axes.jsonl"", ""tools/cutover/run_parser_benchmark.py:25""]",46b2aae14a2fd1aacd62f9404238842db08965b205d4f923ea8c12a5e1858dc4,False,NOT_ESTABLISHED,"[""SQL"", ""source_result"", ""canonical_binding"", ""complete_task_state""]"
G81-095,100_PARSER_AXIS_GOLD,PASS,按商品名称统计销售总数量,[],,,,False,PASS_FOR_LISTED_AXES_ONLY,All supplied labeled axes passed; full semantic acceptance is not established,CURRENT_TURN_PARSER_ONLY,,,"{""query_shape"": true, ""mentions"": true}",[],"[""docs/v2_cutover/transition_runner/parser_v8_predictions.jsonl"", ""docs/cutover/evaluation_gates/gold_axes.jsonl"", ""tools/cutover/run_parser_benchmark.py:25""]",3f5cf34fcb4be689ecaa82197bab4806e81d650e57c5383fc8a7e5efdf9ce3ba,False,NOT_ESTABLISHED,"[""SQL"", ""source_result"", ""canonical_binding"", ""complete_task_state""]"
G81-096,100_PARSER_AXIS_GOLD,PASS,返回商品名称,[],,,,False,PASS_FOR_LISTED_AXES_ONLY,All supplied labeled axes passed; full semantic acceptance is not established,CURRENT_TURN_PARSER_ONLY,,,"{""mentions"": true}",[],"[""docs/v2_cutover/transition_runner/parser_v8_predictions.jsonl"", ""docs/cutover/evaluation_gates/gold_axes.jsonl"", ""tools/cutover/run_parser_benchmark.py:25""]",fc0c443fdb74dbb225887a4d9138ce5ea8c878fd9d7143cf25367bc3b5cbe88d,False,NOT_ESTABLISHED,"[""SQL"", ""source_result"", ""canonical_binding"", ""complete_task_state""]"
G81-097,100_PARSER_AXIS_GOLD,PASS,统计销售数量,[],,,,False,PASS_FOR_LISTED_AXES_ONLY,All supplied labeled axes passed; full semantic acceptance is not established,CURRENT_TURN_PARSER_ONLY,,,"{""query_shape"": true, ""mentions"": true}",[],"[""docs/v2_cutover/transition_runner/parser_v8_predictions.jsonl"", ""docs/cutover/evaluation_gates/gold_axes.jsonl"", ""tools/cutover/run_parser_benchmark.py:25""]",d8f1f5dc5855c5c84701d4b208db870d2dabd909882e61693c0acb7296fedd62,False,NOT_ESTABLISHED,"[""SQL"", ""source_result"", ""canonical_binding"", ""complete_task_state""]"
G81-098,100_PARSER_AXIS_GOLD,PASS,列出订单中的销售数量字段,[],,,,False,PASS_FOR_LISTED_AXES_ONLY,All supplied labeled axes passed; full semantic acceptance is not established,CURRENT_TURN_PARSER_ONLY,,,"{""query_shape"": true, ""mentions"": true}",[],"[""docs/v2_cutover/transition_runner/parser_v8_predictions.jsonl"", ""docs/cutover/evaluation_gates/gold_axes.jsonl"", ""tools/cutover/run_parser_benchmark.py:25""]",c0a83c30f3f40f69e84b524bbbed1bfe8cea3eecf2c051d11ce191f1a783fbd3,False,NOT_ESTABLISHED,"[""SQL"", ""source_result"", ""canonical_binding"", ""complete_task_state""]"
G81-099,100_PARSER_AXIS_GOLD,PASS,按月查看销售总成本走势,[],,,,False,PASS_FOR_LISTED_AXES_ONLY,All supplied labeled axes passed; full semantic acceptance is not established,CURRENT_TURN_PARSER_ONLY,,,"{""query_shape"": true, ""mentions"": true}",[],"[""docs/v2_cutover/transition_runner/parser_v8_predictions.jsonl"", ""docs/cutover/evaluation_gates/gold_axes.jsonl"", ""tools/cutover/run_parser_benchmark.py:25""]",efe85afa31859db6a3d6d20b5eff747d7829ecd990e2e1f3ad69175a549291e1,False,NOT_ESTABLISHED,"[""SQL"", ""source_result"", ""canonical_binding"", ""complete_task_state""]"
G81-100,100_PARSER_AXIS_GOLD,PASS,2026年1月的订单笔数是多少,[],,,,False,PASS_FOR_LISTED_AXES_ONLY,All supplied labeled axes passed; full semantic acceptance is not established,CURRENT_TURN_PARSER_ONLY,,,"{""query_shape"": true, ""mentions"": true}",[],"[""docs/v2_cutover/transition_runner/parser_v8_predictions.jsonl"", ""docs/cutover/evaluation_gates/gold_axes.jsonl"", ""tools/cutover/run_parser_benchmark.py:25""]",636342cdacc0fa15aa58da9dc4b499aca383b7e0c30854a68d77b133ec91c1e1,False,NOT_ESTABLISHED,"[""SQL"", ""source_result"", ""canonical_binding"", ""complete_task_state""]"
S81-001,20_TRANSITION_GOLD,PASS,再加订单笔数,"[""含税销售总额和销售总数量""]",,,,False,PASS_FOR_LISTED_AXES_ONLY,All supplied labeled axes passed; full semantic acceptance is not established,RAW_PLANNER_NATIVE_PIN_STATE_REDUCER_COMPILER,,,"{""time_relation"": ""ABSENT"", ""time_grain"": ""NONE"", ""metric_surfaces"": [""订单笔数"", ""含税销售总额"", ""销售总数量""], ""dimension_surfaces"": [], ""canonical_metrics"": [""METRIC:order_count"", ""METRIC:sales_total_including_tax"", ""METRIC:sales_total_quantity""], ""canonical_dimensions"": [], ""target_task"": ""PREVIOUS"", ""turn_relation"": ""FOLLOW_UP"", ""clarification_decision"": ""NO_ASK"", ""slot_operations"": [""ADD""], ""metric_operations"": [""ADD""], ""dimension_operations"": []}",[],"[""docs/v2_cutover/value_probe/live_turns.json"", ""docs/v2_cutover/value_probe/replay_receipts.json"", ""docs/cutover/state_evaluation/transition_gold.jsonl""]",e35e661b6ec9b14de77b37e6302c12d25e268e8fe753f0d64b43c67f1024af00,False,NOT_ESTABLISHED,"[""complete_semantic_plan"", ""source_SQL_result"", ""scope_reuse_runtime"", ""full_clarification_trace""]"
S81-002,20_TRANSITION_GOLD,PASS,把指标换成订单笔数,"[""含税销售总额和销售总数量""]",,,,False,PASS_FOR_LISTED_AXES_ONLY,All supplied labeled axes passed; full semantic acceptance is not established,RAW_PLANNER_NATIVE_PIN_STATE_REDUCER_COMPILER,,,"{""time_relation"": ""ABSENT"", ""time_grain"": ""NONE"", ""metric_surfaces"": [""订单笔数""], ""dimension_surfaces"": [], ""canonical_metrics"": [""METRIC:order_count""], ""canonical_dimensions"": [], ""target_task"": ""PREVIOUS"", ""turn_relation"": ""FOLLOW_UP"", ""clarification_decision"": ""NO_ASK"", ""slot_operations"": [""REPLACE""], ""metric_operations"": [""REPLACE""], ""dimension_operations"": []}",[],"[""docs/v2_cutover/value_probe/live_turns.json"", ""docs/v2_cutover/value_probe/replay_receipts.json"", ""docs/cutover/state_evaluation/transition_gold.jsonl""]",6ed69bbe92ccebb2d89a1902ba86d27ab6828b54dad6a36035233029dfe7c22d,False,NOT_ESTABLISHED,"[""complete_semantic_plan"", ""source_SQL_result"", ""scope_reuse_runtime"", ""full_clarification_trace""]"
S81-003,20_TRANSITION_GOLD,PASS,不要订单笔数,"[""含税销售总额和订单笔数""]",,,,False,PASS_FOR_LISTED_AXES_ONLY,All supplied labeled axes passed; full semantic acceptance is not established,RAW_PLANNER_NATIVE_PIN_STATE_REDUCER_COMPILER,,,"{""time_relation"": ""ABSENT"", ""time_grain"": ""NONE"", ""metric_surfaces"": [""含税销售总额""], ""dimension_surfaces"": [], ""canonical_metrics"": [""METRIC:sales_total_including_tax""], ""canonical_dimensions"": [], ""target_task"": ""PREVIOUS"", ""turn_relation"": ""FOLLOW_UP"", ""clarification_decision"": ""NO_ASK"", ""slot_operations"": [""REMOVE""], ""metric_operations"": [""REMOVE""], ""dimension_operations"": []}",[],"[""docs/v2_cutover/value_probe/live_turns.json"", ""docs/v2_cutover/value_probe/replay_receipts.json"", ""docs/cutover/state_evaluation/transition_gold.jsonl""]",e2f6f30e45f1b9bc4b6912d4d0995dc5eb710bd4a21bab8f19947c7b50e9fff9,False,NOT_ESTABLISHED,"[""complete_semantic_plan"", ""source_SQL_result"", ""scope_reuse_runtime"", ""full_clarification_trace""]"
S81-004,20_TRANSITION_GOLD,FAIL,按季度,"[""上海最近一年含税销售总额"", ""不限地区""]",ENTITY_VALUE_GROUNDING,RC-VALUE-CANDIDATES,P1,True,PROVEN,Selected city-name field has no exact abbreviation match and exceeds bounded enumeration. No accepted scoped approximate-value candidate path is available. Choosing province is not declared business truth for these cases.,RAW_PLANNER_NATIVE_PIN_STATE_REDUCER_COMPILER,0,V2_SOURCE_VALUE_PROBE_CARDINALITY_EXCEEDED,{},"[{""stage"": ""SEMANTIC_QUERY_IR"", ""evidence"": ""Current target utterance was not reached after real history failed; no separate lineage/new-task/clear bug claimed""}]","[""docs/v2_cutover/value_probe/live_turns.json"", ""docs/v2_cutover/value_probe/replay_receipts.json"", ""docs/cutover/state_evaluation/transition_gold.jsonl""]",29f68a44070fa0a400b748170ad05cd892f51d23eaa615d93ec497513e0c5033,False,NOT_ESTABLISHED,"[""complete_semantic_plan"", ""source_SQL_result"", ""scope_reuse_runtime"", ""full_clarification_trace""]"
S81-005,20_TRANSITION_GOLD,FAIL,那江苏呢？,"[""上海最近一年含税销售总额""]",ENTITY_VALUE_GROUNDING,RC-VALUE-CANDIDATES,P1,True,PROVEN,Selected city-name field has no exact abbreviation match and exceeds bounded enumeration. No accepted scoped approximate-value candidate path is available. Choosing province is not declared business truth for these cases.,RAW_PLANNER_NATIVE_PIN_STATE_REDUCER_COMPILER,0,V2_SOURCE_VALUE_PROBE_CARDINALITY_EXCEEDED,{},"[{""stage"": ""SEMANTIC_QUERY_IR"", ""evidence"": ""Current target utterance was not reached after real history failed; no separate lineage/new-task/clear bug claimed""}]","[""docs/v2_cutover/value_probe/live_turns.json"", ""docs/v2_cutover/value_probe/replay_receipts.json"", ""docs/cutover/state_evaluation/transition_gold.jsonl""]",90396a264d0398158cddf79aa03105533393a52a6c7d3a1a1c6332686e5aafa7,False,NOT_ESTABLISHED,"[""complete_semantic_plan"", ""source_SQL_result"", ""scope_reuse_runtime"", ""full_clarification_trace""]"
S81-006,20_TRANSITION_GOLD,FAIL,换成江苏,"[""上海含税销售总额""]",TASK_OPERATION,RC-EDIT-COVERAGE,P1,True,PROVEN,"The draft declares source-value requests but emits no filter effect using them, despite current filter evidence. The request-use coverage guard rejects before source lookup.",RAW_PLANNER_NATIVE_PIN_STATE_REDUCER_COMPILER,0,V2_SOURCE_VALUE_REQUEST_NOT_APPLIED,{},"[{""stage"": ""SEMANTIC_QUERY_IR"", ""evidence"": ""Current target utterance was not reached after real history failed; no separate lineage/new-task/clear bug claimed""}]","[""docs/v2_cutover/value_probe/live_turns.json"", ""docs/v2_cutover/value_probe/replay_receipts.json"", ""docs/cutover/state_evaluation/transition_gold.jsonl""]",04774fb83da9f3eef38de524d6c6c7d3d526960a724652304bd11a560753dda0,False,NOT_ESTABLISHED,"[""complete_semantic_plan"", ""source_SQL_result"", ""scope_reuse_runtime"", ""full_clarification_trace""]"
S81-007,20_TRANSITION_GOLD,FAIL,地区再加江苏,"[""上海和北京含税销售总额""]",TASK_OPERATION,RC-EDIT-COVERAGE,P1,True,PROVEN,"The draft declares source-value requests but emits no filter effect using them, despite current filter evidence. The request-use coverage guard rejects before source lookup.",RAW_PLANNER_NATIVE_PIN_STATE_REDUCER_COMPILER,0,V2_SOURCE_VALUE_REQUEST_NOT_APPLIED,{},"[{""stage"": ""SEMANTIC_QUERY_IR"", ""evidence"": ""Current target utterance was not reached after real history failed; no separate lineage/new-task/clear bug claimed""}]","[""docs/v2_cutover/value_probe/live_turns.json"", ""docs/v2_cutover/value_probe/replay_receipts.json"", ""docs/cutover/state_evaluation/transition_gold.jsonl""]",16a2ba9532c78d47c75410a720222a9c56f16ea40c8eed2dfb4948b98dcb9bbc,False,NOT_ESTABLISHED,"[""complete_semantic_plan"", ""source_SQL_result"", ""scope_reuse_runtime"", ""full_clarification_trace""]"
S81-008,20_TRANSITION_GOLD,FAIL,不要北京,"[""上海和北京含税销售总额""]",TASK_OPERATION,RC-EDIT-COVERAGE,P1,True,PROVEN,"The draft declares source-value requests but emits no filter effect using them, despite current filter evidence. The request-use coverage guard rejects before source lookup.",RAW_PLANNER_NATIVE_PIN_STATE_REDUCER_COMPILER,0,V2_SOURCE_VALUE_REQUEST_NOT_APPLIED,{},"[{""stage"": ""SEMANTIC_QUERY_IR"", ""evidence"": ""Current target utterance was not reached after real history failed; no separate lineage/new-task/clear bug claimed""}]","[""docs/v2_cutover/value_probe/live_turns.json"", ""docs/v2_cutover/value_probe/replay_receipts.json"", ""docs/cutover/state_evaluation/transition_gold.jsonl""]",dc962e436900938b6b6b9a44a62c852dbaf67f0c5b26450b94f07b320ba3916f,False,NOT_ESTABLISHED,"[""complete_semantic_plan"", ""source_SQL_result"", ""scope_reuse_runtime"", ""full_clarification_trace""]"
S81-009,20_TRANSITION_GOLD,FAIL,江苏有哪些医院？,"[""上海最近一年含税销售总额""]",ENTITY_VALUE_GROUNDING,RC-VALUE-CANDIDATES,P1,True,PROVEN,Selected city-name field has no exact abbreviation match and exceeds bounded enumeration. No accepted scoped approximate-value candidate path is available. Choosing province is not declared business truth for these cases.,RAW_PLANNER_NATIVE_PIN_STATE_REDUCER_COMPILER,0,V2_SOURCE_VALUE_PROBE_CARDINALITY_EXCEEDED,{},"[{""stage"": ""SEMANTIC_QUERY_IR"", ""evidence"": ""Current target utterance was not reached after real history failed; no separate lineage/new-task/clear bug claimed""}]","[""docs/v2_cutover/value_probe/live_turns.json"", ""docs/v2_cutover/value_probe/replay_receipts.json"", ""docs/cutover/state_evaluation/transition_gold.jsonl""]",3d022e786974992f4008aec06d8e188895782916cf132a067cf702ed136cb481,False,NOT_ESTABLISHED,"[""complete_semantic_plan"", ""source_SQL_result"", ""scope_reuse_runtime"", ""full_clarification_trace""]"
S81-010,20_TRANSITION_GOLD,FAIL,切换话题：查询订单笔数,"[""上海最近一年含税销售总额""]",ENTITY_VALUE_GROUNDING,RC-VALUE-CANDIDATES,P1,True,PROVEN,Selected city-name field has no exact abbreviation match and exceeds bounded enumeration. No accepted scoped approximate-value candidate path is available. Choosing province is not declared business truth for these cases.,RAW_PLANNER_NATIVE_PIN_STATE_REDUCER_COMPILER,0,V2_SOURCE_VALUE_PROBE_CARDINALITY_EXCEEDED,{},"[{""stage"": ""SEMANTIC_QUERY_IR"", ""evidence"": ""Current target utterance was not reached after real history failed; no separate lineage/new-task/clear bug claimed""}]","[""docs/v2_cutover/value_probe/live_turns.json"", ""docs/v2_cutover/value_probe/replay_receipts.json"", ""docs/cutover/state_evaluation/transition_gold.jsonl""]",8f13a98c71a0b7e7e74e0fc2aae94f1b0de65fc7ca286a0ccc27a5b442f18a73,False,NOT_ESTABLISHED,"[""complete_semantic_plan"", ""source_SQL_result"", ""scope_reuse_runtime"", ""full_clarification_trace""]"
S81-011,20_TRANSITION_GOLD,PASS,增加按城市分组,"[""按医院统计含税销售总额""]",,,,False,PASS_FOR_LISTED_AXES_ONLY,All supplied labeled axes passed; full semantic acceptance is not established,RAW_PLANNER_NATIVE_PIN_STATE_REDUCER_COMPILER,,,"{""time_relation"": ""ABSENT"", ""time_grain"": ""NONE"", ""metric_surfaces"": [""含税销售总额""], ""dimension_surfaces"": [""城市"", ""医院""], ""canonical_metrics"": [""METRIC:sales_total_including_tax""], ""canonical_dimensions"": [""DIMENSION:city"", ""DIMENSION:hospital""], ""target_task"": ""PREVIOUS"", ""turn_relation"": ""FOLLOW_UP"", ""clarification_decision"": ""NO_ASK"", ""slot_operations"": [""ADD""], ""metric_operations"": [], ""dimension_operations"": [""ADD""]}",[],"[""docs/v2_cutover/value_probe/live_turns.json"", ""docs/v2_cutover/value_probe/replay_receipts.json"", ""docs/cutover/state_evaluation/transition_gold.jsonl""]",a577baf2d8911e5f0b58492a94292c65a475c45d08c63f26221a8b979fc5a1cb,False,NOT_ESTABLISHED,"[""complete_semantic_plan"", ""source_SQL_result"", ""scope_reuse_runtime"", ""full_clarification_trace""]"
S81-012,20_TRANSITION_GOLD,FAIL,把分组换成经销商,"[""按医院统计含税销售总额""]",TASK_OPERATION,RC-OP-ATOMIC,P0,True,PROVEN,Atomic CLEAR/REPLACE intent is represented as REMOVE or REMOVE+ADD. S81-012 has a correct REPLACE draft conflicting with earlier parse markers; the native guard rejects.,RAW_PLANNER_NATIVE_PIN_STATE_REDUCER_COMPILER,1,V2_SLOT_OPERATION_CONFLICT,{},"[{""stage"": ""TASK_OPERATION"", ""evidence"": ""Draft REPLACE conflicts with parse REMOVE+ADD; guard is working""}]","[""docs/v2_cutover/value_probe/live_turns.json"", ""docs/v2_cutover/value_probe/replay_receipts.json"", ""docs/cutover/state_evaluation/transition_gold.jsonl""]",c74a59c694ccb48b0b4764ebde5a8d5f65c8bfc16dbec85012e5d0fb4a3eb575,False,NOT_ESTABLISHED,"[""complete_semantic_plan"", ""source_SQL_result"", ""scope_reuse_runtime"", ""full_clarification_trace""]"
S81-013,20_TRANSITION_GOLD,PASS,不要按业务员分组,"[""按城市和业务员统计含税销售总额""]",,,,False,PASS_FOR_LISTED_AXES_ONLY,All supplied labeled axes passed; full semantic acceptance is not established,RAW_PLANNER_NATIVE_PIN_STATE_REDUCER_COMPILER,,,"{""time_relation"": ""ABSENT"", ""time_grain"": ""NONE"", ""metric_surfaces"": [""含税销售总额""], ""dimension_surfaces"": [""城市""], ""canonical_metrics"": [""METRIC:sales_total_including_tax""], ""canonical_dimensions"": [""DIMENSION:city""], ""target_task"": ""PREVIOUS"", ""turn_relation"": ""FOLLOW_UP"", ""clarification_decision"": ""NO_ASK"", ""slot_operations"": [""REMOVE""], ""metric_operations"": [], ""dimension_operations"": [""REMOVE""]}",[],"[""docs/v2_cutover/value_probe/live_turns.json"", ""docs/v2_cutover/value_probe/replay_receipts.json"", ""docs/cutover/state_evaluation/transition_gold.jsonl""]",d208d13c4d79ede3f843d2786d31fd1094b81aac689adfd5a6ca398bdc483556,False,NOT_ESTABLISHED,"[""complete_semantic_plan"", ""source_SQL_result"", ""scope_reuse_runtime"", ""full_clarification_trace""]"
S81-014,20_TRANSITION_GOLD,PASS,再加销售总数量,"[""2025年订单笔数"", ""取消时间限制""]",,,,False,PASS_FOR_LISTED_AXES_ONLY,All supplied labeled axes passed; full semantic acceptance is not established,RAW_PLANNER_NATIVE_PIN_STATE_REDUCER_COMPILER,,,"{""time_relation"": ""ABSENT"", ""time_grain"": ""NONE"", ""metric_surfaces"": [""订单笔数"", ""销售总数量""], ""dimension_surfaces"": [], ""canonical_metrics"": [""METRIC:order_count"", ""METRIC:sales_total_quantity""], ""canonical_dimensions"": [], ""target_task"": ""PREVIOUS"", ""turn_relation"": ""FOLLOW_UP"", ""clarification_decision"": ""NO_ASK"", ""slot_operations"": [""ADD""], ""metric_operations"": [""ADD""], ""dimension_operations"": []}",[],"[""docs/v2_cutover/value_probe/live_turns.json"", ""docs/v2_cutover/value_probe/replay_receipts.json"", ""docs/cutover/state_evaluation/transition_gold.jsonl""]",ac545706cd91951310c0b3261034f7598ecf9dbbdd6fd84701f1eec57bdbf097,False,NOT_ESTABLISHED,"[""complete_semantic_plan"", ""source_SQL_result"", ""scope_reuse_runtime"", ""full_clarification_trace""]"
S81-015,20_TRANSITION_GOLD,FAIL,医院名称字段来自哪个表？,"[""上海含税销售总额""]",ENTITY_VALUE_GROUNDING,RC-VALUE-CANDIDATES,P1,True,PROVEN,Selected city-name field has no exact abbreviation match and exceeds bounded enumeration. No accepted scoped approximate-value candidate path is available. Choosing province is not declared business truth for these cases.,RAW_PLANNER_NATIVE_PIN_STATE_REDUCER_COMPILER,0,V2_SOURCE_VALUE_PROBE_CARDINALITY_EXCEEDED,{},"[{""stage"": ""SEMANTIC_QUERY_IR"", ""evidence"": ""Current target utterance was not reached after real history failed; no separate lineage/new-task/clear bug claimed""}]","[""docs/v2_cutover/value_probe/live_turns.json"", ""docs/v2_cutover/value_probe/replay_receipts.json"", ""docs/cutover/state_evaluation/transition_gold.jsonl""]",9f7be47d34602d713726a8fa8397b6b1dbde36978a99a3ad61d2c95ea92faf1c,False,NOT_ESTABLISHED,"[""complete_semantic_plan"", ""source_SQL_result"", ""scope_reuse_runtime"", ""full_clarification_trace""]"
S81-016,20_TRANSITION_GOLD,NOT_RUN,江苏有哪些医院？,"[""上海含税销售总额""]",FIXTURE_GAP,RC-FIXTURE-STATE-ENTRY,P2,True,PROVEN,One explicit runner branch skips any initial_pending or dataset case. No scoped initial-state fixture is installed at the same production semantic entry. Pending and Dataset are two fixture variants of this shared entry gap.,NO_ENTRY_FIXTURE,,FULL_ENTRY_PENDING_OR_DATASET_FIXTURE_REQUIRED,{},[],"[""docs/v2_cutover/value_probe/live_turns.json"", ""docs/v2_cutover/value_probe/replay_receipts.json"", ""docs/cutover/state_evaluation/transition_gold.jsonl""]",e36bcdca772c4b6a6c6bd8e8d9c41df80cbf9c57cf5b662ef6de51f06bf95947,False,NOT_ESTABLISHED,"[""complete_semantic_plan"", ""source_SQL_result"", ""scope_reuse_runtime"", ""full_clarification_trace""]"
S81-017,20_TRANSITION_GOLD,FAIL,回到含税销售总额，再加订单笔数,"[""含税销售总额"", ""销售总成本""]",TASK_OPERATION,RC-REFERENCE-AS-EDIT,P0,True,HIGH_CONFIDENCE,The historical task-identifying metric mention emits REPLACE instead of only identifying the historical task. The later incorrect GROUPED_AGGREGATE is a downstream rejection.,RAW_PLANNER_NATIVE_PIN_STATE_REDUCER_COMPILER,2,V2_CONTRACT_VALIDATION_FAILURE,{},"[{""stage"": ""QUERY_SHAPE"", ""evidence"": ""Raw parse and draft choose GROUPED_AGGREGATE despite empty dimensions""}, {""stage"": ""SEMANTIC_QUERY_IR"", ""evidence"": ""Actual rejecting boundary is grouped payload validation, after the earlier extra REPLACE marker""}]","[""docs/v2_cutover/value_probe/live_turns.json"", ""docs/v2_cutover/value_probe/replay_receipts.json"", ""docs/cutover/state_evaluation/transition_gold.jsonl""]",19c83267284b4eab2dc7fda82fe96b0300b976d5dea3a7a83d2571858224d9b1,False,NOT_ESTABLISHED,"[""complete_semantic_plan"", ""source_SQL_result"", ""scope_reuse_runtime"", ""full_clarification_trace""]"
S81-018,20_TRANSITION_GOLD,NOT_RUN,只看前5条,"[""已有医院名单""]",FIXTURE_GAP,RC-FIXTURE-STATE-ENTRY,P2,True,PROVEN,One explicit runner branch skips any initial_pending or dataset case. No scoped initial-state fixture is installed at the same production semantic entry. Pending and Dataset are two fixture variants of this shared entry gap.,NO_ENTRY_FIXTURE,,FULL_ENTRY_PENDING_OR_DATASET_FIXTURE_REQUIRED,{},[],"[""docs/v2_cutover/value_probe/live_turns.json"", ""docs/v2_cutover/value_probe/replay_receipts.json"", ""docs/cutover/state_evaluation/transition_gold.jsonl""]",bc1472b9aef99dd8560875b9561d946f0fd8df190a55467e7f382f77f66db8fb,False,NOT_ESTABLISHED,"[""complete_semantic_plan"", ""source_SQL_result"", ""scope_reuse_runtime"", ""full_clarification_trace""]"
S81-019,20_TRANSITION_GOLD,NOT_RUN,含税销售总额最高5名,"[""已有按医院统计的含税销售总额""]",FIXTURE_GAP,RC-FIXTURE-STATE-ENTRY,P2,True,PROVEN,One explicit runner branch skips any initial_pending or dataset case. No scoped initial-state fixture is installed at the same production semantic entry. Pending and Dataset are two fixture variants of this shared entry gap.,NO_ENTRY_FIXTURE,,FULL_ENTRY_PENDING_OR_DATASET_FIXTURE_REQUIRED,{},[],"[""docs/v2_cutover/value_probe/live_turns.json"", ""docs/v2_cutover/value_probe/replay_receipts.json"", ""docs/cutover/state_evaluation/transition_gold.jsonl""]",03504f020d7f7a0c2b0552aab034ccecd0a00e67c6bbd339061aab9821bbe7cb,False,NOT_ESTABLISHED,"[""complete_semantic_plan"", ""source_SQL_result"", ""scope_reuse_runtime"", ""full_clarification_trace""]"
S81-020,20_TRANSITION_GOLD,NOT_RUN,含税销售总额最高5名,"[""已有按医院统计的含税销售总额""]",FIXTURE_GAP,RC-FIXTURE-STATE-ENTRY,P2,True,PROVEN,One explicit runner branch skips any initial_pending or dataset case. No scoped initial-state fixture is installed at the same production semantic entry. Pending and Dataset are two fixture variants of this shared entry gap.,NO_ENTRY_FIXTURE,,FULL_ENTRY_PENDING_OR_DATASET_FIXTURE_REQUIRED,{},[],"[""docs/v2_cutover/value_probe/live_turns.json"", ""docs/v2_cutover/value_probe/replay_receipts.json"", ""docs/cutover/state_evaluation/transition_gold.jsonl""]",0aee8586f32d26266435f65b526d1571ebd7569888675ab75ba181004d8f9c66,False,NOT_ESTABLISHED,"[""complete_semantic_plan"", ""source_SQL_result"", ""scope_reuse_runtime"", ""full_clarification_trace""]"
