blocker_id,classification,blocking_level,status,summary,evidence,next_action,blocks_offline_evaluation_globally,production_gate_only
C-01,CATALOG_BLOCKER,P0,FROZEN_SCOPED_EVALUATION_CATALOG_VERIFIED,Actual 81/[205] capture and 127-fact frozen evaluation projection verified. Native publication remains unproven; it no longer globally gates offline Gold/evaluation/benchmark.,"[""docs/cutover/catalog_identity/live_scope_evidence.json"", ""Oagnet/catalog_generation.py"", ""Oagnet/mysql_tool.py"", ""docs/cutover/v2_catalog_plans/catalog_capability_evidence.json"", ""docs/cutover/v2_relation_paths/catalog_path_evidence.json"", ""docs/cutover/v2_entity_value_sources/catalog_source_evidence.json"", ""docs/cutover/catalog_publication_candidate/live_scope_evidence.json"", ""docs/cutover/pinned_sql_catalog/closure_report.md"", ""docs/cutover/v2_asl2/closure_report.md"", ""docs/cutover/evaluation_gates/closure_report.md""]",Continue offline axis evaluation against the frozen hash; complete native publication before production canary/cutover.,False,True
C-02,CATALOG_BLOCKER,P0,PRODUCTION_PUBLICATION_AND_RECOVERY_GAP,"Native publication absent. DataAnalysis session Redis DB3 is directly reachable; AOF off, save empty, no replicas, deployed volume/restore unproven. Session code capability is not registry-publication or recovery evidence.","[""docs/cutover/catalog_identity/live_scope_evidence.json"", ""docs/cutover/catalog_publication_candidate/closure_report.md"", ""docs/cutover/pinned_sql_catalog/closure_report.md"", ""docs/cutover/evaluation_gates/closure_report.md""]",Keep production recovery/publication as Canary/Cutover gates. Offline evaluation and isolated plan-only shadow do not depend on Redis production recovery.,False,True
C-03,CATALOG_BLOCKER,P0,PROVISIONAL_IDENTITIES_VERIFIED_PER_SHAPE,All 14 entities now have snapshot-verified ID/code candidates and physical constraints. Current catalog flags still differ from the three user-reported declarations. Two relationship endpoints and two metric subjects remain unresolved.,"[""app/semantic_v2/catalog_bridge.py"", ""Oagnet/catalog_publication.py::PinnedCatalog.identity"", ""docs/cutover/v2_scope_bridge/test_delta.json"", ""docs/cutover/pinned_sql_catalog/closure_report.md"", ""docs/cutover/v2_asl2/closure_report.md"", ""docs/cutover/v2_ranking/closure_report.md"", ""docs/cutover/v2_filters/closure_report.md"", ""docs/cutover/v2_bound_sql/closure_report.md"", ""docs/cutover/pinned_relation_endpoints/closure_report.md"", ""docs/cutover/relation_identity/closure_report.md"", ""docs/cutover/evaluation_gates/closure_report.md""]",Use the reviewed provisional identities per eligible shape; keep exact order/entity grain and unresolved relation paths scoped to affected cases. Continue independent role/mention/turn evaluation.,False,False
C-04,CATALOG_BLOCKER,P0,ACTUAL_SOURCE_AGGREGATE_READ_VERIFIED,"Current governed source connections, 14 physical tables and 29 identity candidates audited with aggregate read-only SQL. Exact/fuzzy value retrieval quality is a separate per-query gap; no native publication claim.","[""docs/cutover/catalog_identity/live_scope_evidence.json"", ""docs/cutover/catalog_identity/source_review.json"", ""docs/cutover/v2_catalog_plans/catalog_capability_evidence.json"", ""docs/cutover/v2_relation_paths/catalog_path_evidence.json"", ""docs/cutover/v2_entity_value_sources/closure_report.md"", ""docs/cutover/v2_source_value_binding/closure_report.md"", ""docs/cutover/evaluation_gates/closure_report.md""]",Continue frozen-catalog evaluation. Validate actual entity-value lookup and result behavior for cases that require source values; do not block unrelated axes.,False,False
X-01,EXTERNAL_BLOCKER,P0,DATA_AGENT_REDIS_RUNTIME_VERIFIED_DEPLOYMENT_RECOVERY_OPEN,"Actual DataAnalysis settings resolve redis mode, DB3, prefix youo:data-analysis:v2 and TTL7200. Read-only persistence/replication/config verified. Deployment storage/restart/restore and deployed trusted caller remain unproven.","[""docs/cutover/catalog_identity/live_scope_evidence.json"", ""docs/cutover/catalog_publication_candidate/live_scope_evidence.json"", ""docs/cutover/pinned_sql_catalog/closure_report.md"", ""docs/cutover/evaluation_gates/closure_report.md""]",Close production deployment trust and recovery before canary/cutover; continue offline evaluation now.,False,True
V-01,CUTOVER_BLOCKER_P0,P0,ACTUAL_CURRENT_TURN_MODEL_BASELINE_MEASURED,"Existing qwen3.6-plus current-turn parser measured on 100 frozen axis cases: 100 HTTP200, 35 outputs rejected by current-turn validation. Semantic role/shape errors remain. This is component evidence, not full V1/V2 accuracy.","[""app/semantic_v2/recognition.py"", ""app/semantic_v2/temporal_comparisons.py"", ""docs/cutover/v2_temporal_comparisons/closure_report.md"", ""docs/cutover/v2_temporal_comparisons/temporal_policy_gaps.json"", ""docs/cutover/v2_source_value_binding/closure_report.md"", ""docs/cutover/evaluation_gates/closure_report.md""]",Investigate current-turn spans/reference validation and list-versus-relation semantics using the new measured failure cases; keep Gold labels fixed and test contrasts.,False,False
V-02,CUTOVER_BLOCKER_P0,P0,FIXED_SOURCE_OFFLINE,"Explicit logical-plan 0.2.2 scope bridge accepts current MODEL_WIDE/explicit scope with optional database, uses pinned catalog membership rather than invented ACLs, and checks state/cache/task/dataset context. Legacy 0.2.1 authorization branch remains enforced.","[""app/semantic_v2/authorized_contract.py"", ""app/semantic_v2/catalog_bridge.py"", ""docs/cutover/v2_scope_bridge/test_delta.json""]",Integrate the autonomous recognition path through ScopedPlanSession; retain current-request and state isolation guards. Runtime adoption remains gated by catalog/evaluation/shadow evidence.,False,False
V-03,CUTOVER_BLOCKER_P1,P1,OPEN,"Actual output aliases, catalog pin, filter/rank policies and bound statement/value receipts are connected offline. The opt-in executor copies/binds values and fingerprints them in snapshot identity. Native source snapshots, collation, period pairing and analytics remain unproven.","[""app/semantic_v2/legacy_adapter.py::assess_legacy_adapter"", ""app/semantic_v2/result_contract.py"", ""docs/cutover/v2_temporal_comparisons/closure_report.md"", ""docs/cutover/v2_ranking/closure_report.md"", ""docs/cutover/v2_filters/closure_report.md"", ""docs/cutover/v2_bound_sql/closure_report.md""]","Bind actual ASL/SQL output identities and execution receipts to ResultContract, including correct baseline period selection/bucket pairing. Arithmetic consistency alone does not prove source query correctness.",False,False
S-01,SCHEMA_DRIFT,P1,PARTIAL_TYPED_BACKEND_PER_QUERY_SHAPE,"Common/ranked/Boolean plans retain receipts. All entities have provisional observed identities; exact order grain, two relation paths, temporal storage policy and unsupported query shapes remain scoped gaps.","[""app/semantic_v2/legacy_adapter.py"", ""Oagnet/prompt_build.py::SYSTEM_PROMPT"", ""Oagnet/agent.py::_validate_asl_output"", ""docs/cutover/pinned_sql_catalog/closure_report.md"", ""docs/cutover/v2_asl2/closure_report.md"", ""docs/cutover/v2_ranking/closure_report.md"", ""docs/cutover/v2_filters/closure_report.md"", ""docs/cutover/v2_bound_sql/closure_report.md"", ""docs/cutover/pinned_relation_endpoints/closure_report.md"", ""docs/cutover/relation_identity/closure_report.md"", ""docs/cutover/evaluation_gates/closure_report.md""]",Complete loss-aware lowering for supported identity/query-shape combinations; keep unsupported cases explicit without gating turn/role/mention Gold.,False,False
B-01,CUTOVER_BLOCKER_P0,P0,FIXED_SOURCE_OFFLINE,A source-confirmed unique entity name was broadened to a LIKE wildcard predicate; two old Oagnet failures share this root.,"[""Oagnet/agent.py::_normalize_relation_name_filters"", ""Oagnet/tests/test_cutover_binding_safety.py""]",Keep the regression in cutover safety acceptance and verify the deployed service revision before canary.,False,False
E-01,EVALUATION_GAP,P0,AXIS_GOLD_AND_DETERMINISTIC_EVALUATOR_ESTABLISHED,100 engineer-reviewed cases cover listed turn/operation/critical mention/role/query-shape axes against 127 frozen catalog facts. SQL/result/full-state/canonical labels are still incomplete; no row marked COMPLETE.,"[""docs/phase2/gold_cases_seed.jsonl"", ""docs/phase25/gold_v2_seed.jsonl"", ""docs/phase25_1/gold_v0_2_1.jsonl"", ""docs/phase0b/gold_candidate_inventory.jsonl"", ""docs/cutover/evaluation_gates/closure_report.md""]",Expand full V1/V2 state/result labels and holdout evidence independently of production recovery/publication; preserve per-axis denominators and missing predictions as failures.,False,False
E-02,EVALUATION_GAP,P1,CURRENT_PARSER_BENCHMARK_MEASURED_CANDIDATE_LIMITS,100 current-model non-thinking requests completed. qwen3.7-plus probe returned Model.AccessDenied; qwen3.6-plus thinking probe timed out at unchanged 30s. Full model/whole-pipeline comparison remains open.,"[""docs/phase0c_region_list/closure_report.md"", ""app/semantic_v2/pipeline.py::CurrentTurnParser"", ""docs/cutover/evaluation_gates/closure_report.md""]",Address measured parser failures; compare models available to this account under identical bounded settings. Do not change production defaults or claim unavailable candidates are evaluated.,False,False
H-01,EVALUATION_GAP,P0,ELIGIBLE_WITH_ISOLATION_AFTER_EVALUATION_ACCEPTANCE,Production Redis recovery/publication do not globally gate isolated plan-only shadow. Real shadow evidence is still absent and current parser evaluation is not accepted.,"[""tools/phase25/run_semantic_v2_shadow.py"", ""docs/phase25_1/phase25_1_closure_report.md"", ""docs/cutover/evaluation_gates/closure_report.md""]","After relevant evaluation passes, run isolated plan-only shadow without SQL, production-state writes or response takeover.",False,False
R-01,CUTOVER_BLOCKER_P1,P1,OPEN,"Git revert is available; deployment rollback, automatic stop conditions and <=5% canary evidence are not implemented/proven.","[""docs/phase0c_region_list/rollback_manifest.json"", ""app/workflow.py""]","After offline and real shadow gates, prepare canary flag, automatic stop/rollback procedure and drill; obtain user approval before formal replacement.",False,True
B-02,CUTOVER_BLOCKER_P0,P0,FIXED_SOURCE_WITH_READ_ONLY_TARGET_EVIDENCE,Governed UUID entity/attribute IDs were rejected as missing by catalog generation and projection; fixed with exact supported UUID identity plus legacy decimal handling.,"[""docs/cutover/catalog_identity/closure_report.md"", ""docs/cutover/catalog_identity/test_delta.json""]",Retain safety regressions and deploy only through the controlled pinned-catalog path; no target release/traffic change performed.,False,False
B-03,CUTOVER_BLOCKER_P0,P0,FIXED_SOURCE_WITH_READ_ONLY_TARGET_EVIDENCE,"Copied models reuse entity IDs; catalog loading and attribute discovery joined foreign model attributes and relations. Fixed current-model SQL constraints, including uniqueness checks; actual 13/13 dimensions now resolve.","[""docs/cutover/catalog_identity/closure_report.md"", ""docs/cutover/catalog_identity/test_delta.json""]",Retain safety regressions and deploy only through the controlled pinned-catalog path; no target release/traffic change performed.,False,False
